/*
 Navicat Premium Dump SQL

 Source Server         : localhost@MySQL9
 Source Server Type    : MySQL
 Source Server Version : 90100 (9.1.0)
 Source Host           : localhost:3306
 Source Schema         : douban_movie_small

 Target Server Type    : MySQL
 Target Server Version : 90100 (9.1.0)
 File Encoding         : 65001

 Date: 22/02/2026 11:55:17
*/

SET NAMES utf8mb4;
SET FOREIGN_KEY_CHECKS = 0;

-- ----------------------------
-- Table structure for movie
-- ----------------------------
DROP TABLE IF EXISTS `movie`;
CREATE TABLE `movie` (
  `movie_id` int unsigned NOT NULL COMMENT '电影ID',
  `movie_name` varchar(120) CHARACTER SET utf8mb4 COLLATE utf8mb4_0900_ai_ci DEFAULT NULL COMMENT '电影名称',
  `movie_alias` varchar(255) CHARACTER SET utf8mb4 COLLATE utf8mb4_0900_ai_ci DEFAULT NULL COMMENT '电影别名',
  `actors` varchar(255) CHARACTER SET utf8mb4 COLLATE utf8mb4_0900_ai_ci DEFAULT NULL COMMENT '演员',
  `cover` text CHARACTER SET utf8mb4 COLLATE utf8mb4_0900_ai_ci COMMENT '电影封面地址',
  `directors` varchar(255) CHARACTER SET utf8mb4 COLLATE utf8mb4_0900_ai_ci DEFAULT NULL COMMENT '导演',
  `douban_score` double DEFAULT NULL COMMENT '豆瓣评分',
  `douban_votes` int DEFAULT NULL COMMENT '豆瓣投票数',
  `type` varchar(255) CHARACTER SET utf8mb4 COLLATE utf8mb4_0900_ai_ci DEFAULT NULL COMMENT '电影类型',
  `imdb_id` varchar(255) CHARACTER SET utf8mb4 COLLATE utf8mb4_0900_ai_ci DEFAULT NULL COMMENT 'IMDB ID',
  `languages` varchar(255) CHARACTER SET utf8mb4 COLLATE utf8mb4_0900_ai_ci DEFAULT NULL COMMENT '语言',
  `minutes` int DEFAULT NULL COMMENT '时长：分钟',
  `official_site` text CHARACTER SET utf8mb4 COLLATE utf8mb4_0900_ai_ci COMMENT '官方地址',
  `regions` varchar(255) CHARACTER SET utf8mb4 COLLATE utf8mb4_0900_ai_ci DEFAULT NULL COMMENT '制片国家/地区',
  `release_date` date DEFAULT NULL COMMENT '上映日期',
  `description` text CHARACTER SET utf8mb4 COLLATE utf8mb4_0900_ai_ci COMMENT '电影描述',
  `tags` varchar(255) CHARACTER SET utf8mb4 COLLATE utf8mb4_0900_ai_ci DEFAULT NULL COMMENT '标签',
  `year` year DEFAULT NULL COMMENT '年份',
  `actor_ids` varchar(255) CHARACTER SET utf8mb4 COLLATE utf8mb4_0900_ai_ci DEFAULT NULL COMMENT '演员ID，多个演员采用“|”符号分割，格式“演员A:ID|演员B:ID”',
  `director_ids` varchar(255) CHARACTER SET utf8mb4 COLLATE utf8mb4_0900_ai_ci DEFAULT NULL COMMENT '导演ID，多个导演采用“|”符号分割，格式“导演A:ID|导演B:ID”',
  PRIMARY KEY (`movie_id`)
) ENGINE=InnoDB DEFAULT CHARSET=utf8mb4 COLLATE=utf8mb4_0900_ai_ci COMMENT='电影列表';

-- ----------------------------
-- Records of movie
-- ----------------------------
BEGIN;
INSERT INTO `movie` (`movie_id`, `movie_name`, `movie_alias`, `actors`, `cover`, `directors`, `douban_score`, `douban_votes`, `type`, `imdb_id`, `languages`, `minutes`, `official_site`, `regions`, `release_date`, `description`, `tags`, `year`, `actor_ids`, `director_ids`) VALUES (24869902, '疯狂的外星人', '疯狂的外星人 / Crazy Alien', '黄渤/沈腾/徐峥/沙溢', 'https://img3.doubanio.com/view/photo/s_ratio_poster/public/p2541602716.jpg', '宁浩', 6.9, 548923, '喜剧/科幻', 'tt9484478', '汉语普通话', 116, '', '中国大陆', '2019-02-05', '流浪到地球的外星人被视为猴子，被馴猴艺人耿浩（黄渤）带去表演，由此引发了一系列荒诞爆笑的事件。', '喜剧/春节/中国/2019/科幻/宁浩/黄渤/外星人', 2019, '黄渤:1037920|沈腾:1178869|徐峥:1025159|沙溢:1039218', '宁浩:1027360');
INSERT INTO `movie` (`movie_id`, `movie_name`, `movie_alias`, `actors`, `cover`, `directors`, `douban_score`, `douban_votes`, `type`, `imdb_id`, `languages`, `minutes`, `official_site`, `regions`, `release_date`, `description`, `tags`, `year`, `actor_ids`, `director_ids`) VALUES (25724460, '复仇者联盟3：无限战争', '复仇者联盟3：无限战争 / Avengers: Infinity War', '小罗伯特·唐尼/克里斯·海姆斯沃斯/马克·鲁法洛/克里斯·埃文斯/斯嘉丽·约翰逊/班尼迪·康伯拜奇/唐·钱德尔', 'https://img1.doubanio.com/view/photo/s_ratio_poster/public/p2514641164.jpg', '安东尼·罗素/乔·罗素', 8.1, 1023456, '动作/科幻/奇幻/冒险', 'tt4154756', '英语', 149, 'https://marvel.com/avengers', '美国', '2018-05-11', '灭霸（乔什·布洛林）来袭，要集齐六颗无限宝石，实现消灭宇宙一半生命的疯狂计划。复仇者联盟与守护者银河合力抵抗，展开了史诗级的终极对决。', '漫威/超级英雄/2018/美国/动作/科幻/奇幻/宇宙', 2018, '小罗伯特·唐尼:1023632|克里斯·海姆斯沃斯:1039222|马克·鲁法洛:1027415|克里斯·埃文斯:1007701', '安东尼·罗素:1219834|乔·罗素:1219833');
INSERT INTO `movie` (`movie_id`, `movie_name`, `movie_alias`, `actors`, `cover`, `directors`, `douban_score`, `douban_votes`, `type`, `imdb_id`, `languages`, `minutes`, `official_site`, `regions`, `release_date`, `description`, `tags`, `year`, `actor_ids`, `director_ids`) VALUES (25895315, '战狼2', '战狼II / Wolf Warrior 2', '吴京/弗兰克·格里罗/吴刚/张翰/卢靖姗/丁海峰', 'https://img1.doubanio.com/view/photo/s_ratio_poster/public/p2492949705.jpg', '吴京', 7.1, 1552643, '动作/战争', 'tt6743726', '汉语普通话 / 英语', 123, '', '中国大陆', '2017-07-27', '中国特种兵冷锋（吴京）退役后，被卷入一场非洲叛乱，独自对抗雇佣兵部队，保护同胞安全撤离。', '动作/战争/中国/吴京/爱国/2017/好莱坞/商业', 2017, '吴京:1169734|弗兰克·格里罗:1049300|吴刚:1022897|张翰:1282946', '吴京:1169734');
INSERT INTO `movie` (`movie_id`, `movie_name`, `movie_alias`, `actors`, `cover`, `directors`, `douban_score`, `douban_votes`, `type`, `imdb_id`, `languages`, `minutes`, `official_site`, `regions`, `release_date`, `description`, `tags`, `year`, `actor_ids`, `director_ids`) VALUES (25897328, '天气之子', '天気の子 / Weathering With You', '醍醐虎汰朗/森七菜/小栗旬/本田翼/吉柳咲良/梶裕贵', 'https://img9.doubanio.com/view/photo/s_ratio_poster/public/p2566548562.jpg', '新海诚', 7.8, 695342, '剧情/动画/爱情/奇幻', 'tt9426788', '日语', 112, 'https://www.tenkinoko.com', '日本', '2019-11-01', '独自离家来到东京的少年帆高，邂逅了能够让天空放晴的\"晴女\"阳菜，两人在这个异常气候中共同经历了一段奇幻的爱情故事。', '动画/日本/新海诚/2019/爱情/奇幻/天气/青春', 2019, '醍醐虎汰朗:1389580|森七菜:1389581|小栗旬:1073735|本田翼:1283642', '新海诚:1063054');
INSERT INTO `movie` (`movie_id`, `movie_name`, `movie_alias`, `actors`, `cover`, `directors`, `douban_score`, `douban_votes`, `type`, `imdb_id`, `languages`, `minutes`, `official_site`, `regions`, `release_date`, `description`, `tags`, `year`, `actor_ids`, `director_ids`) VALUES (25958717, '蜘蛛侠：英雄归来', '蜘蛛侠：强势回归 / Spider-Man: Homecoming', '汤姆·霍兰德/迈克尔·基顿/罗伯特·唐尼/玛丽莎·托梅/詹·巴特曼', 'https://img9.doubanio.com/view/photo/s_ratio_poster/public/p2487456560.jpg', '乔·沃茨', 7.9, 678934, '动作/科幻/冒险', 'tt2250912', '英语', 133, 'https://marvel.com/spiderman', '美国', '2017-07-07', '高中生彼得·帕克（汤姆·霍兰德）在钢铁侠的指导下，努力成为一名真正的复仇者联盟成员，同时还要对抗反派秃鹰（迈克尔·基顿）。', '漫威/蜘蛛侠/2017/美国/超级英雄/动作/科幻/青春', 2017, '汤姆·霍兰德:1219490|迈克尔·基顿:1000657|罗伯特·唐尼:1023632|玛丽莎·托梅:1020684', '乔·沃茨:1389501');
INSERT INTO `movie` (`movie_id`, `movie_name`, `movie_alias`, `actors`, `cover`, `directors`, `douban_score`, `douban_votes`, `type`, `imdb_id`, `languages`, `minutes`, `official_site`, `regions`, `release_date`, `description`, `tags`, `year`, `actor_ids`, `director_ids`) VALUES (26278283, '神秘海域', '秘境探险(港) / 秘境冒险(台) / Uncharted', '汤姆·霍兰德/马克·沃尔伯格/安东尼奥·班德拉斯/索菲亚·阿里/塔蒂·加布里尔', 'https://img1.doubanio.com/view/photo/s_ratio_poster/public/p2878874498.jpg', '鲁本·弗雷兰德', 6.5, 346891, '动作/冒险', 'tt1464335', '英语 / 西班牙语 / 葡萄牙语', 116, 'https://www.uncharted-movie.com', '美国', '2022-02-18', '年轻的内森·德雷克（汤姆·霍兰德）被经验丰富的寻宝人沙利文（马克·沃尔伯格）招募，共同追寻费迪南德·麦哲伦的传奇宝藏。', '冒险/游戏改编/2022/美国/动作/索尼/汤姆·霍兰德', 2022, '汤姆·霍兰德:1219490|马克·沃尔伯格:1019765|安东尼奥·班德拉斯:1002022', '鲁本·弗雷兰德:1389490');
INSERT INTO `movie` (`movie_id`, `movie_name`, `movie_alias`, `actors`, `cover`, `directors`, `douban_score`, `douban_votes`, `type`, `imdb_id`, `languages`, `minutes`, `official_site`, `regions`, `release_date`, `description`, `tags`, `year`, `actor_ids`, `director_ids`) VALUES (26326614, '寄生虫', '기생충 / Parasite / 上流寄生族(台)', '宋康昊/李善均/赵如贞/崔宇植/朴素丹/李正恩/张慧珍/朴明勋', 'https://img2.doubanio.com/view/photo/s_ratio_poster/public/p2561305376.jpg', '奉俊昊', 8.8, 943582, '剧情/喜剧/悬疑', 'tt6751668', '韩语 / 英语', 132, 'https://www.parasite-movie.kr', '韩国', '2019-05-21', '穷困潦倒的基宅一家四口，利用各种机会渗入富裕的朴社长家中，成为其雇员，展开了一场阶层间的较量。', '韩国/剧情/悬疑/2019/奉俊昊/阶级/黑色幽默/惊悚', 2019, '宋康昊:1002072|李善均:1084195|崔宇植:1397563|朴素丹:1397564', '奉俊昊:1107419');
INSERT INTO `movie` (`movie_id`, `movie_name`, `movie_alias`, `actors`, `cover`, `directors`, `douban_score`, `douban_votes`, `type`, `imdb_id`, `languages`, `minutes`, `official_site`, `regions`, `release_date`, `description`, `tags`, `year`, `actor_ids`, `director_ids`) VALUES (26413438, '致命魔术', '魔术师 / The Prestige', '休·杰克曼/克里斯蒂安·贝尔/大卫·鲍伊/迈克尔·凯恩/斯嘉丽·约翰逊', 'https://img2.doubanio.com/view/photo/s_ratio_poster/public/p1355924741.jpg', '克里斯托弗·诺兰', 8.9, 856234, '剧情/悬疑/科幻', 'tt0482571', '英语', 130, '', '美国 / 英国', '2006-11-10', '两位魔术师（休·杰克曼、克里斯蒂安·贝尔）为了成为世界最伟大的魔术师，开始了一场你死我活的竞争，执念与谎言将他们带向了悲剧的终局。', '悬疑/诺兰/魔术/经典/美国/2006/烧脑/反转', 2006, '休·杰克曼:1013157|克里斯蒂安·贝尔:1017982|大卫·鲍伊:1000060|迈克尔·凯恩:1003169', '克里斯托弗·诺兰:1054524');
INSERT INTO `movie` (`movie_id`, `movie_name`, `movie_alias`, `actors`, `cover`, `directors`, `douban_score`, `douban_votes`, `type`, `imdb_id`, `languages`, `minutes`, `official_site`, `regions`, `release_date`, `description`, `tags`, `year`, `actor_ids`, `director_ids`) VALUES (26430107, '疯狂动物城', '动物方城市(港) / 动物方城市 / Zootopia', '金妮弗·古德温/杰森·贝特曼/伊卓瑞斯·艾尔巴/珍妮·斯蕾特/纳莉莎·拉维特', 'https://img3.doubanio.com/view/photo/s_ratio_poster/public/p2315672647.jpg', '拜仁·霍华德/里奇·摩尔', 9.2, 1453862, '喜剧/动画/冒险', 'tt2948356', '英语', 108, 'https://movies.disney.com/zootopia', '美国', '2016-03-04', '在一个所有哺乳动物和平共处的大都市里，从小怀揣警察梦的兔子朱迪（金妮弗·古德温）克服重重困难成为警察，并与狡猾的狐狸尼克联手破案。', '动画/迪士尼/美国/2016/喜剧/励志/儿童/推荐', 2016, '金妮弗·古德温:1054432|杰森·贝特曼:1036302|伊卓瑞斯·艾尔巴:1046699', '拜仁·霍华德:1389456|里奇·摩尔:1389457');
INSERT INTO `movie` (`movie_id`, `movie_name`, `movie_alias`, `actors`, `cover`, `directors`, `douban_score`, `douban_votes`, `type`, `imdb_id`, `languages`, `minutes`, `official_site`, `regions`, `release_date`, `description`, `tags`, `year`, `actor_ids`, `director_ids`) VALUES (26580232, '头号玩家', '玩家一号 / Ready Player One', '泰尔·谢里丹/奥利维亚·库克/本·门德尔森/马克·里朗斯/T.J.米勒/汉娜·约翰-卡曼', 'https://img2.doubanio.com/view/photo/s_ratio_poster/public/p2517383751.jpg', '史蒂文·斯皮尔伯格', 8.7, 1135428, '动作/科幻/冒险', 'tt1677720', '英语', 140, 'https://www.readyplayeronemovie.com', '美国', '2018-03-30', '2045年，人们沉迷于虚拟现实游戏\"绿洲\"。少年韦德（泰尔·谢里丹）追随游戏创始人的遗志寻找彩蛋，赢得游戏控制权，并阻止企业势力独吞游戏世界。', '科幻/斯皮尔伯格/游戏/2018/美国/动作/冒险/彩蛋', 2018, '泰尔·谢里丹:1229547|奥利维亚·库克:1281434|本·门德尔森:1047476|马克·里朗斯:1023048', '史蒂文·斯皮尔伯格:1054450');
INSERT INTO `movie` (`movie_id`, `movie_name`, `movie_alias`, `actors`, `cover`, `directors`, `douban_score`, `douban_votes`, `type`, `imdb_id`, `languages`, `minutes`, `official_site`, `regions`, `release_date`, `description`, `tags`, `year`, `actor_ids`, `director_ids`) VALUES (26683091, '天才枪手', '模犯生(台) / Bad Genius', '莎莎·提亚帕尼其/查亚孔·苏格斯/帕奇·旺帕维奇/蒂拉那·帕娜达那维', 'https://img2.doubanio.com/view/photo/s_ratio_poster/public/p2487706498.jpg', '纳塔吾·彭皮里亚', 8.8, 685342, '剧情/犯罪/惊悚', 'tt7218518', '泰语', 130, '', '泰国', '2017-08-31', '天才少女琳（莎莎·提亚帕尼其）靠帮同学作弊赚钱，随着计划升级到跨国作弊行动，她不得不面对越来越大的风险。', '泰国/悬疑/2017/高智商/作弊/惊悚/青春/犯罪', 2017, '莎莎·提亚帕尼其:1389507|查亚孔·苏格斯:1389508|帕奇·旺帕维奇:1389509', '纳塔吾·彭皮里亚:1389510');
INSERT INTO `movie` (`movie_id`, `movie_name`, `movie_alias`, `actors`, `cover`, `directors`, `douban_score`, `douban_votes`, `type`, `imdb_id`, `languages`, `minutes`, `official_site`, `regions`, `release_date`, `description`, `tags`, `year`, `actor_ids`, `director_ids`) VALUES (26735342, '比利·林恩的中场战事', '比利·林恩漫长的中场战事(台) / Billy Lynn\'s Long Halftime Walk', '乔·阿尔文/克里斯汀·斯图尔特/加内特·赫德兰/范·迪塞尔/史蒂夫·马丁', 'https://img2.doubanio.com/view/photo/s_ratio_poster/public/p2394429524.jpg', '李安', 7.7, 356782, '剧情/战争', 'tt2513074', '英语', 113, 'https://www.billylynn.com', '美国 / 英国 / 中国大陆', '2016-11-11', '十九岁的士兵比利·林恩（乔·阿尔文）在一次战役中表现英勇，成为英雄，被带回国内参加一场盛大的橄榄球赛中场秀，回忆与现实交织，内心挣扎难以言说。', '战争/2016/李安/美国/剧情/士兵/创伤/人性', 2016, '乔·阿尔文:1389592|克里斯汀·斯图尔特:1065079|加内特·赫德兰:1055462|范·迪塞尔:1001342', '李安:1033140');
INSERT INTO `movie` (`movie_id`, `movie_name`, `movie_alias`, `actors`, `cover`, `directors`, `douban_score`, `douban_votes`, `type`, `imdb_id`, `languages`, `minutes`, `official_site`, `regions`, `release_date`, `description`, `tags`, `year`, `actor_ids`, `director_ids`) VALUES (26752088, '摔跤吧！爸爸', '摔跤吧！爸爸 / Dangal / 来吧冠军(台)', '阿米尔·汗/法缇玛·萨纳·纱卡/桑亚·玛荷塔/阿帕娜·戈什/安格德·巴加/萨其特·贝迪', 'https://img1.doubanio.com/view/photo/s_ratio_poster/public/p2457983084.jpg', '涅提·蒂瓦里', 9, 1247683, '剧情/传记/运动', 'tt5074352', '印地语', 161, '', '印度', '2017-05-05', '哈里亚纳邦的摔跤冠军马哈维亚·辛格·珀尕（阿米尔·汗）育有四个女儿，他将冠军梦寄托在女儿身上，克服重重阻碍，将她们培养成摔跤冠军。', '印度/励志/体育/传记/2017/阿米尔汗/家庭/剧情', 2017, '阿米尔·汗:1054390|法缇玛·萨纳·纱卡:1389470', '涅提·蒂瓦里:1389471');
INSERT INTO `movie` (`movie_id`, `movie_name`, `movie_alias`, `actors`, `cover`, `directors`, `douban_score`, `douban_votes`, `type`, `imdb_id`, `languages`, `minutes`, `official_site`, `regions`, `release_date`, `description`, `tags`, `year`, `actor_ids`, `director_ids`) VALUES (26752093, '爱乐之城', '爱乐之城 / La La Land', '瑞恩·高斯林/艾玛·斯通/约翰·雷吉扎莫/芬·维特洛克/J·K·西蒙斯', 'https://img2.doubanio.com/view/photo/s_ratio_poster/public/p2397325701.jpg', '达米安·沙泽勒', 8.4, 928476, '剧情/爱情/歌舞', 'tt3783958', '英语 / 法语', 128, 'https://www.lalaland.movie', '美国', '2017-02-14', '有志向的爵士乐手塞巴斯蒂安（瑞恩·高斯林）与怀揣演员梦的米娅（艾玛·斯通）在洛杉矶相遇相爱，两人在追梦的同时，也面临着梦想与爱情的取舍。', '爱情/音乐/美国/2017/歌舞/艾玛·斯通/奥斯卡/梦想', 2017, '瑞恩·高斯林:1019977|艾玛·斯通:1093748|约翰·雷吉扎莫:1023448|J·K·西蒙斯:1029381', '达米安·沙泽勒:1285234');
INSERT INTO `movie` (`movie_id`, `movie_name`, `movie_alias`, `actors`, `cover`, `directors`, `douban_score`, `douban_votes`, `type`, `imdb_id`, `languages`, `minutes`, `official_site`, `regions`, `release_date`, `description`, `tags`, `year`, `actor_ids`, `director_ids`) VALUES (26754233, '哪吒之魔童降世', '哪吒 / 魔童 / New Gods: Nezha Reborn', '吕艳婷/囧森瑟夫/瀚墨/绿绮/陈浩/欧阳娜娜', 'https://img9.doubanio.com/view/photo/s_ratio_poster/public/p2563780504.jpg', '饺子', 8.4, 1627835, '动画/喜剧/奇幻/动作', 'tt10424180', '汉语普通话', 110, '', '中国大陆', '2019-07-26', '哪吒（囧森瑟夫 配音）由一颗混元珠中的魔丸降生，天生顽劣，被视为妖魔。他天真烂漫却无人接纳，孤独叛逆的外表下隐藏着一颗向善的心。', '动画/国漫/中国/哪吒/奇幻/2019/喜剧/儿童', 2019, '吕艳婷:1335282|囧森瑟夫:1060841', '饺子:1335283');
INSERT INTO `movie` (`movie_id`, `movie_name`, `movie_alias`, `actors`, `cover`, `directors`, `douban_score`, `douban_votes`, `type`, `imdb_id`, `languages`, `minutes`, `official_site`, `regions`, `release_date`, `description`, `tags`, `year`, `actor_ids`, `director_ids`) VALUES (26754260, '无耻混蛋', 'inglourious basterds / 无耻之徒 / 混蛋特攻队(台)', '布拉德·彼特/克里斯托弗·瓦尔兹/迈克尔·法斯宾德/黛安·克鲁格/伊莱·罗斯', 'https://img3.doubanio.com/view/photo/s_ratio_poster/public/p2561559773.jpg', '昆汀·塔伦蒂诺', 8.6, 692341, '剧情/战争/犯罪', 'tt0361748', '英语 / 德语 / 法语 / 意大利语', 153, '', '美国 / 德国', '2009-12-04', '二战时期，一支专门猎杀纳粹的美国士兵小分队与一名犹太女影院老板计划在一场电影首映式上刺杀纳粹高层。', '战争/昆汀/美国/犯罪/2009/二战/剧情/经典', 2009, '布拉德·彼特:1000035|克里斯托弗·瓦尔兹:1041483|迈克尔·法斯宾德:1038601|黛安·克鲁格:1044093', '昆汀·塔伦蒂诺:1007110');
INSERT INTO `movie` (`movie_id`, `movie_name`, `movie_alias`, `actors`, `cover`, `directors`, `douban_score`, `douban_votes`, `type`, `imdb_id`, `languages`, `minutes`, `official_site`, `regions`, `release_date`, `description`, `tags`, `year`, `actor_ids`, `director_ids`) VALUES (26793284, '芬奇', '芬奇 / Finch', '汤姆·汉克斯/卡莱布·朗德里·琼斯/斯凯勒·吉桑多', 'https://img9.doubanio.com/view/photo/s_ratio_poster/public/p2661278441.jpg', '米格尔·萨普兴克', 7.7, 256234, '剧情/科幻/冒险', 'tt7295056', '英语', 115, 'https://tv.apple.com/us/movie/finch/umc.cmc.3gzn0f0mrjfpx41vpbpjqjun8', '美国', '2021-11-05', '世界末日后，工程师芬奇（汤姆·汉克斯）为陪伴自己多年的狗狗制造了一个机器人，三者踏上了寻找新家园的公路之旅。', '科幻/末日/2021/美国/温情/苹果/汤姆·汉克斯/机器人', 2021, '汤姆·汉克斯:1014761', '米格尔·萨普兴克:1389520');
INSERT INTO `movie` (`movie_id`, `movie_name`, `movie_alias`, `actors`, `cover`, `directors`, `douban_score`, `douban_votes`, `type`, `imdb_id`, `languages`, `minutes`, `official_site`, `regions`, `release_date`, `description`, `tags`, `year`, `actor_ids`, `director_ids`) VALUES (26798603, '少年的你', '少年的你，如此美丽 / Better Days', '易烊千玺/周冬雨/尹昉/黄觉/吴越', 'https://img1.doubanio.com/view/photo/s_ratio_poster/public/p2574703500.jpg', '曾国祥', 8.3, 916782, '剧情/爱情/犯罪', 'tt9586048', '汉语普通话 / 粤语', 135, '', '中国大陆 / 中国香港', '2019-10-25', '高考前夕，遭受校园霸凌的陈念（周冬雨）在街头意外结识了\"小混混\"小北（易烊千玺），两人在彼此的陪伴下走过了最艰难的时光。', '青春/校园霸凌/2019/中国/剧情/爱情/易烊千玺/周冬雨', 2019, '易烊千玺:1389531|周冬雨:1230175|尹昉:1389532|黄觉:1045752', '曾国祥:1120093');
INSERT INTO `movie` (`movie_id`, `movie_name`, `movie_alias`, `actors`, `cover`, `directors`, `douban_score`, `douban_votes`, `type`, `imdb_id`, `languages`, `minutes`, `official_site`, `regions`, `release_date`, `description`, `tags`, `year`, `actor_ids`, `director_ids`) VALUES (26826723, '教父', '教父 / The Godfather', '马龙·白兰度/阿尔·帕西诺/詹姆斯·肯恩/理查德·卡斯特尔诺/罗伯特·杜瓦尔', 'https://img2.doubanio.com/view/photo/s_ratio_poster/public/p2185665520.jpg', '弗朗西斯·福特·科波拉', 9.3, 892341, '剧情/犯罪', 'tt0068646', '英语 / 意大利语 / 拉丁语', 175, '', '美国', '1972-03-24', '黑手党唐·科莱昂内（马龙·白兰度）在遭遇暗杀后，其小儿子迈克尔（阿尔·帕西诺）被迫接手家族生意，踏上了一条无法回头的道路。', '经典/犯罪/美国/黑帮/剧情/名著/推荐/必看', 1972, '马龙·白兰度:1000026|阿尔·帕西诺:1000093|詹姆斯·肯恩:1000651|理查德·卡斯特尔诺:1000785', '弗朗西斯·福特·科波拉:1000522');
INSERT INTO `movie` (`movie_id`, `movie_name`, `movie_alias`, `actors`, `cover`, `directors`, `douban_score`, `douban_votes`, `type`, `imdb_id`, `languages`, `minutes`, `official_site`, `regions`, `release_date`, `description`, `tags`, `year`, `actor_ids`, `director_ids`) VALUES (26830981, '超脱', '超脱 / Detachment', '阿德里安·布洛迪/克里斯蒂娜·亨德里克斯/詹姆斯·肯恩/梅西·格雷/露西·刘', 'https://img3.doubanio.com/view/photo/s_ratio_poster/public/p1305854984.jpg', '托尼·凯耶', 8.9, 412345, '剧情', 'tt1687278', '英语', 98, '', '美国', '2011-09-01', '代课教师亨利（阿德里安·布洛迪）在破败的公立学校任职，他拒绝与任何人建立情感联系，却在不经意间改变了周围的学生们。', '教育/剧情/美国/孤独/感人/人性/文艺/推荐', 2011, '阿德里安·布洛迪:1003162|克里斯蒂娜·亨德里克斯:1082235|詹姆斯·肯恩:1000651|梅西·格雷:1055302|露西·刘:1037241', '托尼·凯耶:1054497');
INSERT INTO `movie` (`movie_id`, `movie_name`, `movie_alias`, `actors`, `cover`, `directors`, `douban_score`, `douban_votes`, `type`, `imdb_id`, `languages`, `minutes`, `official_site`, `regions`, `release_date`, `description`, `tags`, `year`, `actor_ids`, `director_ids`) VALUES (26861685, '驾驶我的车', '在车上 / Drive My Car', '西岛秀俊/三浦透子/岡田将生/霧島れいか', 'https://img9.doubanio.com/view/photo/s_ratio_poster/public/p2658827426.jpg', '滨口龙介', 8.5, 245678, '剧情/爱情', 'tt14039582', '日语 / 汉语普通话 / 韩语 / 手语', 179, '', '日本', '2021-08-20', '话剧导演家福悠介（西岛秀俊）的妻子突然去世，他在排练契诃夫《万尼亚舅舅》时，与年轻的女司机渡利（三浦透子）在漫长的车途中彼此治愈。', '日本/剧情/2021/奥斯卡/滨口龙介/文艺/爱情/孤独', 2021, '西岛秀俊:1052297|三浦透子:1389554|岡田将生:1106547', '滨口龙介:1389555');
INSERT INTO `movie` (`movie_id`, `movie_name`, `movie_alias`, `actors`, `cover`, `directors`, `douban_score`, `douban_votes`, `type`, `imdb_id`, `languages`, `minutes`, `official_site`, `regions`, `release_date`, `description`, `tags`, `year`, `actor_ids`, `director_ids`) VALUES (26897815, '我的姐姐', '我的姐姐 / Sister', '张子枫/肖央/朱媛媛/段博文', 'https://img9.doubanio.com/view/photo/s_ratio_poster/public/p2649851364.jpg', '殷若昕', 7.2, 518764, '剧情/家庭', 'tt14260154', '汉语普通话', 102, '', '中国大陆', '2021-04-02', '父母意外离世后，一心想去北京读研的安然（张子枫）面临着是否抚养弟弟的艰难抉择，在传统观念与个人梦想之间挣扎。', '家庭/亲情/2021/中国/剧情/女性/现实/感动', 2021, '张子枫:1264512|肖央:1107413|朱媛媛:1035614|段博文:1170398', '殷若昕:1389585');
INSERT INTO `movie` (`movie_id`, `movie_name`, `movie_alias`, `actors`, `cover`, `directors`, `douban_score`, `douban_votes`, `type`, `imdb_id`, `languages`, `minutes`, `official_site`, `regions`, `release_date`, `description`, `tags`, `year`, `actor_ids`, `director_ids`) VALUES (26949560, '你的名字', '君の名は。 / Your Name. / 你的名字。', '神木隆之介/上白石萌音/长泽雅美/市原悦子/成田凌/悠木碧', 'https://img1.doubanio.com/view/photo/s_ratio_poster/public/p2395733377.jpg', '新海诚', 8.4, 1124556, '剧情/动画/爱情/奇幻', 'tt5311514', '日语', 106, 'http://www.kiminona.com', '日本', '2016-12-02', '住在农村的女高中生宫水三叶与住在东京的男高中生立花泷，莫名其妙地互换了身体，两人在各自的生活中经历了奇异的冒险，并逐渐产生了特别的情感。', '动画/爱情/日本/新海诚/2016/奇幻/青春/美丽', 2016, '神木隆之介:1009302|上白石萌音:1374625|长泽雅美:1073748|成田凌:1374626', '新海诚:1063054');
INSERT INTO `movie` (`movie_id`, `movie_name`, `movie_alias`, `actors`, `cover`, `directors`, `douban_score`, `douban_votes`, `type`, `imdb_id`, `languages`, `minutes`, `official_site`, `regions`, `release_date`, `description`, `tags`, `year`, `actor_ids`, `director_ids`) VALUES (26986250, '阿丽塔：战斗天使', '阿丽塔 / 铳梦 / Alita: Battle Angel', '罗莎·萨拉查尔/克里斯托弗·瓦尔兹/詹妮弗·康纳利/马赫沙拉·阿里/埃德·斯克林', 'https://img3.doubanio.com/view/photo/s_ratio_poster/public/p2541633761.jpg', '罗伯特·罗德里格斯', 8.4, 726453, '动作/科幻/冒险', 'tt0437086', '英语', 122, 'https://www.alitamovie.com', '美国', '2019-02-22', '未来世界，科学家依度博士（克里斯托弗·瓦尔兹）从废墟中发现了一个仅剩上半身的少女机器人，将其修复后取名阿丽塔（罗莎·萨拉查尔），而阿丽塔逐渐找回了自己战士的记忆。', '科幻/动作/2019/美国/机器人/日本漫画/冒险/卡梅隆', 2019, '罗莎·萨拉查尔:1389492|克里斯托弗·瓦尔兹:1041483|詹妮弗·康纳利:1019798|马赫沙拉·阿里:1210028', '罗伯特·罗德里格斯:1023439');
INSERT INTO `movie` (`movie_id`, `movie_name`, `movie_alias`, `actors`, `cover`, `directors`, `douban_score`, `douban_votes`, `type`, `imdb_id`, `languages`, `minutes`, `official_site`, `regions`, `release_date`, `description`, `tags`, `year`, `actor_ids`, `director_ids`) VALUES (27016798, '1917', '1917 / 1917年', '迪恩-查尔斯·查普曼/乔治·麦凯/马克·斯特朗/安德鲁·斯科特/理查德·麦登', 'https://img2.doubanio.com/view/photo/s_ratio_poster/public/p2579117079.jpg', '萨姆·门德斯', 8.6, 624578, '剧情/战争/惊悚', 'tt8178634', '英语 / 德语', 119, 'https://www.1917.movie', '英国 / 美国', '2020-01-10', '一战中，两名英国士兵必须穿越敌占区，传递一份关键命令，以阻止1600人走向死亡的陷阱。', '战争/2020/英国/一战/震撼/长镜头/剧情/奥斯卡', 2020, '迪恩-查尔斯·查普曼:1389561|乔治·麦凯:1236782|马克·斯特朗:1032657|安德鲁·斯科特:1063448', '萨姆·门德斯:1054527');
INSERT INTO `movie` (`movie_id`, `movie_name`, `movie_alias`, `actors`, `cover`, `directors`, `douban_score`, `douban_votes`, `type`, `imdb_id`, `languages`, `minutes`, `official_site`, `regions`, `release_date`, `description`, `tags`, `year`, `actor_ids`, `director_ids`) VALUES (27019563, '看不见的客人', '看不见的访客(港) / 大侦探卢卡斯(台) / Contratiempo', '马里奥·卡萨斯/安娜·瓦格纳/何塞·科罗纳多/巴巴拉·勒妮', 'https://img9.doubanio.com/view/photo/s_ratio_poster/public/p2498971355.jpg', '奥里奥尔·保罗', 8.8, 648392, '悬疑/惊悚/犯罪', 'tt4857264', '西班牙语', 106, '', '西班牙', '2017-03-03', '成功商人阿德里安在酒店房间内发现女友尸体后，雇佣顶级辩护律师，企图在案发前构建完美不在场证明。', '悬疑/西班牙/惊悚/2017/犯罪/烧脑/反转/欧洲', 2017, '马里奥·卡萨斯:1127342|安娜·瓦格纳:1389460|何塞·科罗纳多:1389461|巴巴拉·勒妮:1389462', '奥里奥尔·保罗:1389463');
INSERT INTO `movie` (`movie_id`, `movie_name`, `movie_alias`, `actors`, `cover`, `directors`, `douban_score`, `douban_votes`, `type`, `imdb_id`, `languages`, `minutes`, `official_site`, `regions`, `release_date`, `description`, `tags`, `year`, `actor_ids`, `director_ids`) VALUES (27036164, '声之形', '聲の形 / A Silent Voice', '入野自由/早见沙织/小野贤章/悠木碧/金元寿子', 'https://img2.doubanio.com/view/photo/s_ratio_poster/public/p2479720724.jpg', '山田尚子', 9, 756432, '剧情/动画/爱情', 'tt5311514', '日语', 130, 'https://koenokatachi-movie.com', '日本', '2017-09-08', '小学时因欺凌听障女生西宫硝子（早见沙织）而饱受孤立的石田将也（入野自由），在高中时决心弥补过去的过失，寻找宽恕与救赎。', '动画/日本/校园/2017/治愈/感动/青春/爱情', 2017, '入野自由:1075628|早见沙织:1255764|小野贤章:1177826|悠木碧:1162434', '山田尚子:1389595');
INSERT INTO `movie` (`movie_id`, `movie_name`, `movie_alias`, `actors`, `cover`, `directors`, `douban_score`, `douban_votes`, `type`, `imdb_id`, `languages`, `minutes`, `official_site`, `regions`, `release_date`, `description`, `tags`, `year`, `actor_ids`, `director_ids`) VALUES (27060077, '波西米亚狂想曲', '波希米亚狂想曲 / Bohemian Rhapsody', '拉米·马雷克/露西·博因顿/格威利姆·李/本·哈迪/艾伦·李奇', 'https://img2.doubanio.com/view/photo/s_ratio_poster/public/p2541519758.jpg', '布莱恩·辛格/德克斯特·弗莱彻', 8.5, 872345, '剧情/传记/音乐', 'tt1727824', '英语', 134, 'https://www.foxmovies.com/movies/bohemian-rhapsody', '英国 / 美国', '2018-11-23', '影片讲述了传奇摇滚乐队皇后乐队（Queen）以及其主唱弗雷迪·墨丘利（拉米·马雷克）的音乐历程与传奇人生。', '音乐/传记/2018/英国/皇后乐队/摇滚/弗雷迪/奥斯卡', 2018, '拉米·马雷克:1063060|露西·博因顿:1265793|格威利姆·李:1389523|本·哈迪:1389524', '布莱恩·辛格:1022870|德克斯特·弗莱彻:1389525');
INSERT INTO `movie` (`movie_id`, `movie_name`, `movie_alias`, `actors`, `cover`, `directors`, `douban_score`, `douban_votes`, `type`, `imdb_id`, `languages`, `minutes`, `official_site`, `regions`, `release_date`, `description`, `tags`, `year`, `actor_ids`, `director_ids`) VALUES (27143134, '小偷家族', '万引き家族 / Shoplifters', '中川雅也/安藤樱/松冈茉优/树木希林/城桧吏/佐佐木みゆ', 'https://img3.doubanio.com/view/photo/s_ratio_poster/public/p2521064525.jpg', '是枝裕和', 8.7, 487325, '剧情/犯罪', 'tt8075192', '日语', 121, 'https://gaga.ne.jp/shoplifters', '日本', '2018-11-23', '一家子以行窃为生的底层人，在某天收留了一个被遗弃在路边的小女孩，他们的\"家庭生活\"就此改变。', '日本/家庭/是枝裕和/剧情/2018/人性/温情/戛纳', 2018, '中川雅也:1052363|安藤樱:1102247|松冈茉优:1177694|树木希林:1029742', '是枝裕和:1033680');
INSERT INTO `movie` (`movie_id`, `movie_name`, `movie_alias`, `actors`, `cover`, `directors`, `douban_score`, `douban_votes`, `type`, `imdb_id`, `languages`, `minutes`, `official_site`, `regions`, `release_date`, `description`, `tags`, `year`, `actor_ids`, `director_ids`) VALUES (30001374, '绿皮书', '绿皮书 / Green Book', '维果·莫腾森/马赫沙拉·阿里/琳达·卡德里尼/迪米特·马里尼斯/麦克·哈顿', 'https://img2.doubanio.com/view/photo/s_ratio_poster/public/p2549177902.jpg', '彼得·法雷利', 8.9, 973254, '剧情/喜剧/传记', 'tt6966692', '英语 / 意大利语 / 俄语', 130, 'https://www.greenbook.movie', '美国', '2019-03-01', '1962年，粗犷的意大利裔美国人托尼（维果·莫腾森）受雇担任黑人钢琴家唐·雪利博士（马赫沙拉·阿里）的司机，两人穿越种族歧视严重的美国南部，展开了一段改变彼此的旅程。', '剧情/美国/种族/友情/2019/传记/喜剧/奥斯卡', 2019, '维果·莫腾森:1034553|马赫沙拉·阿里:1210028|琳达·卡德里尼:1050523', '彼得·法雷利:1060204');
INSERT INTO `movie` (`movie_id`, `movie_name`, `movie_alias`, `actors`, `cover`, `directors`, `douban_score`, `douban_votes`, `type`, `imdb_id`, `languages`, `minutes`, `official_site`, `regions`, `release_date`, `description`, `tags`, `year`, `actor_ids`, `director_ids`) VALUES (30163509, '利刃出鞘', '利刃出鞘 / Knives Out', '丹尼尔·克雷格/克里斯·埃文斯/安娜·德·阿尔马斯/杰米·李·柯蒂斯/迈克尔·珊农', 'https://img2.doubanio.com/view/photo/s_ratio_poster/public/p2568407983.jpg', '莱恩·约翰逊', 8.5, 763452, '剧情/悬疑/犯罪/喜剧', 'tt8946378', '英语 / 西班牙语', 130, 'https://www.knivesout.movie', '美国', '2020-01-10', '侦探布兰科（丹尼尔·克雷格）调查著名推理小说家哈兰·思隆比的离奇死亡案，每个家族成员都有作案动机。', '悬疑/推理/2019/美国/犯罪/喜剧/反转/好看', 2019, '丹尼尔·克雷格:1022234|克里斯·埃文斯:1007701|安娜·德·阿尔马斯:1228660|杰米·李·柯蒂斯:1002213', '莱恩·约翰逊:1040173');
INSERT INTO `movie` (`movie_id`, `movie_name`, `movie_alias`, `actors`, `cover`, `directors`, `douban_score`, `douban_votes`, `type`, `imdb_id`, `languages`, `minutes`, `official_site`, `regions`, `release_date`, `description`, `tags`, `year`, `actor_ids`, `director_ids`) VALUES (30206688, '误杀', '误杀 / Sheep Without a Shepherd', '肖央/陈冲/秦沛/谭卓/姜皓文', 'https://img9.doubanio.com/view/photo/s_ratio_poster/public/p2579767783.jpg', '柯汶利', 7.7, 693456, '剧情/悬疑/犯罪', 'tt11302728', '汉语普通话', 112, '', '中国大陆 / 泰国', '2019-12-13', '一个深爱家人的普通父亲（肖央），为了保护误杀了警察局长之子的女儿，利用自己积累多年的电影知识构建了一个精密的不在场证明。', '悬疑/犯罪/2019/中国/剧情/烧脑/翻拍/反转', 2019, '肖央:1107413|陈冲:1007714|秦沛:1022060|谭卓:1113225', '柯汶利:1389565');
INSERT INTO `movie` (`movie_id`, `movie_name`, `movie_alias`, `actors`, `cover`, `directors`, `douban_score`, `douban_votes`, `type`, `imdb_id`, `languages`, `minutes`, `official_site`, `regions`, `release_date`, `description`, `tags`, `year`, `actor_ids`, `director_ids`) VALUES (30218526, '消失的她', '消失的她 / Lost in the Stars', '朱一龙/倪妮/文咏珊/张子贤', 'https://img2.doubanio.com/view/photo/s_ratio_poster/public/p2897376305.jpg', '崔睿/刘翔', 6.6, 786453, '剧情/悬疑/犯罪', 'tt28031232', '汉语普通话', 115, '', '中国大陆', '2023-06-22', '李木子（倪妮）在度蜜月时神秘失踪，深爱妻子的何非（朱一龙）到处寻找，却发现了一个关于妻子不为人知的秘密。', '悬疑/2023/中国/剧情/犯罪/朱一龙/倪妮/反转', 2023, '朱一龙:1389534|倪妮:1208990|文咏珊:1208993|张子贤:1389535', '崔睿:1389536|刘翔:1389537');
INSERT INTO `movie` (`movie_id`, `movie_name`, `movie_alias`, `actors`, `cover`, `directors`, `douban_score`, `douban_votes`, `type`, `imdb_id`, `languages`, `minutes`, `official_site`, `regions`, `release_date`, `description`, `tags`, `year`, `actor_ids`, `director_ids`) VALUES (30281688, '上海堡垒', '上海堡垒 / Shanghai Fortress', '鹿晗/舒淇/钟汉良/古力娜扎/米热', 'https://img9.doubanio.com/view/photo/s_ratio_poster/public/p2563609201.jpg', '滕华涛', 2.9, 312456, '科幻/动作', 'tt9788506', '汉语普通话', 113, '', '中国大陆', '2019-08-09', '外星人入侵地球，上海成为最后的战场。人类凭借一种名为\"上海炮\"的武器进行最后的抵抗。', '科幻/中国/2019/动作/争议/烂片/外星人/战争', 2019, '鹿晗:1334889|舒淇:1022244|钟汉良:1043800|古力娜扎:1389614', '滕华涛:1073920');
INSERT INTO `movie` (`movie_id`, `movie_name`, `movie_alias`, `actors`, `cover`, `directors`, `douban_score`, `douban_votes`, `type`, `imdb_id`, `languages`, `minutes`, `official_site`, `regions`, `release_date`, `description`, `tags`, `year`, `actor_ids`, `director_ids`) VALUES (30287103, '八佰', '八佰 / The Eight Hundred', '王千源/姜武/张译/魏晨/欧豪/俞灏明/辛柏青/杜淳/郑恺', 'https://img9.doubanio.com/view/photo/s_ratio_poster/public/p2614157234.jpg', '管虎', 7.8, 913456, '剧情/历史/战争', 'tt9178462', '汉语普通话', 147, '', '中国大陆', '2020-08-21', '1937年淞沪会战末期，国民革命军第88师524团奉命坚守上海四行仓库，以八百人之名对抗日军，向世界展示中国抵抗之决心。', '战争/历史/中国/2020/抗战/爱国/管虎/感人', 2020, '王千源:1095348|姜武:1029664|张译:1099153|魏晨:1389545|欧豪:1282949', '管虎:1063218');
INSERT INTO `movie` (`movie_id`, `movie_name`, `movie_alias`, `actors`, `cover`, `directors`, `douban_score`, `douban_votes`, `type`, `imdb_id`, `languages`, `minutes`, `official_site`, `regions`, `release_date`, `description`, `tags`, `year`, `actor_ids`, `director_ids`) VALUES (30307771, '釜山行', '尸速列车(台) / 釜山行 / Train to Busan', '孔刘/郑有美/马东锡/金秀安/崔宇植/安昭熙', 'https://img2.doubanio.com/view/photo/s_ratio_poster/public/p2393044761.jpg', '延尚昊', 8.4, 856723, '动作/惊悚/灾难', 'tt5700672', '韩语', 118, '', '韩国', '2016-09-02', '某种不明病毒在韩国蔓延，将人变成丧尸。一列从首尔驶往釜山的高速列车上，乘客们为了生存展开殊死搏斗。', '韩国/丧尸/惊悚/2016/灾难/动作/好看/末日', 2016, '孔刘:1080576|郑有美:1171258|马东锡:1172406|金秀安:1389516|崔宇植:1397563', '延尚昊:1389517');
INSERT INTO `movie` (`movie_id`, `movie_name`, `movie_alias`, `actors`, `cover`, `directors`, `douban_score`, `douban_votes`, `type`, `imdb_id`, `languages`, `minutes`, `official_site`, `regions`, `release_date`, `description`, `tags`, `year`, `actor_ids`, `director_ids`) VALUES (30426945, '我不是药神', '药神 / Dying to Survive', '徐峥/王传君/周一围/谭卓/章宇/黄璐/杨新鸣', 'https://img3.doubanio.com/view/photo/s_ratio_poster/public/p2516578307.jpg', '文牧野', 9, 1385674, '剧情/犯罪', 'tt8178246', '汉语普通话', 117, '', '中国大陆', '2018-07-05', '小药铺老板程勇（徐峥）为了发财，从印度走私白血病仿制药，意外成了白血病人的救命恩人，然而随着查处力度加大，他不得不面对法律与道义的两难抉择。', '剧情/社会/中国/2018/现实/徐峥/良心/感人', 2018, '徐峥:1025159|王传君:1319207|周一围:1033672|谭卓:1113225|章宇:1319847', '文牧野:1389505');
INSERT INTO `movie` (`movie_id`, `movie_name`, `movie_alias`, `actors`, `cover`, `directors`, `douban_score`, `douban_votes`, `type`, `imdb_id`, `languages`, `minutes`, `official_site`, `regions`, `release_date`, `description`, `tags`, `year`, `actor_ids`, `director_ids`) VALUES (30644762, '兔子暴力', '兔子暴力 / Savage / A Violent Rabbit', '万茜/李庚希/韩昊霖/范伟', 'https://img9.doubanio.com/view/photo/s_ratio_poster/public/p2667028371.jpg', '申奥', 7.3, 145678, '剧情/犯罪', 'tt12614566', '汉语普通话', 100, '', '中国大陆', '2021-12-11', '少女花花（李庚希）在父亲缺席的成长岁月里，渴望得到母亲水青（万茜）的关爱，然而这段母女关系中隐藏着无法言说的危险。', '剧情/犯罪/2021/中国/母女/亲情/黑暗/现实', 2021, '万茜:1120095|李庚希:1389603|韩昊霖:1389604|范伟:1005614', '申奥:1389605');
INSERT INTO `movie` (`movie_id`, `movie_name`, `movie_alias`, `actors`, `cover`, `directors`, `douban_score`, `douban_votes`, `type`, `imdb_id`, `languages`, `minutes`, `official_site`, `regions`, `release_date`, `description`, `tags`, `year`, `actor_ids`, `director_ids`) VALUES (30766564, '信条', '天能 / Tenet', '约翰·大卫·华盛顿/罗伯特·帕丁森/伊丽莎白·德比齐/肯尼斯·布拉纳/迈克尔·凯恩', 'https://img2.doubanio.com/view/photo/s_ratio_poster/public/p2616355133.jpg', '克里斯托弗·诺兰', 7.9, 743256, '动作/科幻/惊悚', 'tt6723592', '英语 / 俄语 / 挪威语', 150, 'https://www.tenetfilm.com', '美国 / 英国', '2020-09-04', '一名被称为\"主角\"的特工（约翰·大卫·华盛顿）学会利用时间逆转技术，展开了一场超越时间界限的任务，以阻止第三次世界大战。', '诺兰/科幻/时间/2020/美国/动作/烧脑/惊悚', 2020, '约翰·大卫·华盛顿:1389484|罗伯特·帕丁森:1055487|伊丽莎白·德比齐:1234526|肯尼斯·布拉纳:1007602', '克里斯托弗·诺兰:1054524');
INSERT INTO `movie` (`movie_id`, `movie_name`, `movie_alias`, `actors`, `cover`, `directors`, `douban_score`, `douban_votes`, `type`, `imdb_id`, `languages`, `minutes`, `official_site`, `regions`, `release_date`, `description`, `tags`, `year`, `actor_ids`, `director_ids`) VALUES (30906771, '默杀', '默杀 / Silent Killer', '王传君/张钧甯/李沐/吴镇宇/苏晓彤', 'https://img9.doubanio.com/view/photo/s_ratio_poster/public/p2912348976.jpg', '柯汶利', 7.2, 456789, '剧情/惊悚/犯罪', 'tt28869765', '汉语普通话', 119, '', '中国大陆 / 马来西亚', '2024-07-03', '一所学校里，连续发生学生被杀事件，每个目击者都选择沉默，背后隐藏着令人窒息的真相。', '悬疑/2024/惊悚/犯罪/中国/校园/沉默/反转', 2024, '王传君:1319207|张钧甯:1080628|李沐:1389564|吴镇宇:1011473', '柯汶利:1389565');
INSERT INTO `movie` (`movie_id`, `movie_name`, `movie_alias`, `actors`, `cover`, `directors`, `douban_score`, `douban_votes`, `type`, `imdb_id`, `languages`, `minutes`, `official_site`, `regions`, `release_date`, `description`, `tags`, `year`, `actor_ids`, `director_ids`) VALUES (33385376, '瀑布', '瀑布 / Waterfall', '贾静雯/王净/陈以文/庄凯勋/孔奂骐', 'https://img9.doubanio.com/view/photo/s_ratio_poster/public/p2658734695.jpg', '钟孟宏', 8.2, 124567, '剧情', 'tt14905474', '汉语普通话', 120, '', '中国台湾', '2021-10-01', '疫情期间，单亲妈妈罹患精神疾病，与女儿之间的关系在困境中逐渐重建。', '台湾/剧情/家庭/2021/母女/疫情/现实/感动', 2021, '贾静雯:1028064|王净:1389528|陈以文:1057638', '钟孟宏:1156329');
INSERT INTO `movie` (`movie_id`, `movie_name`, `movie_alias`, `actors`, `cover`, `directors`, `douban_score`, `douban_votes`, `type`, `imdb_id`, `languages`, `minutes`, `official_site`, `regions`, `release_date`, `description`, `tags`, `year`, `actor_ids`, `director_ids`) VALUES (33387628, '熊出没·伴我熊芯', '熊出没·伴我熊芯 / Boonie Bears', '张伟/谭笑/孙茜/潘霜霜', 'https://img2.doubanio.com/view/photo/s_ratio_poster/public/p2869724638.jpg', '丁亮/钱超', 8.5, 235678, '动画/喜剧/冒险/科幻', 'tt21230123', '汉语普通话', 100, 'https://www.xiongchumo.com', '中国大陆', '2022-02-01', '光头强制造了机器人熊芯，其被熊大熊二误以为是失忆的光头强，三人共同踏上了一段充满欢笑与感动的奇妙旅途。', '动画/国产/儿童/2022/熊出没/春节/温情/合家欢', 2022, '张伟:1389572|谭笑:1389573', '丁亮:1389574|钱超:1389575');
INSERT INTO `movie` (`movie_id`, `movie_name`, `movie_alias`, `actors`, `cover`, `directors`, `douban_score`, `douban_votes`, `type`, `imdb_id`, `languages`, `minutes`, `official_site`, `regions`, `release_date`, `description`, `tags`, `year`, `actor_ids`, `director_ids`) VALUES (33387642, '瞬息全宇宙', '瞬息全宇宙 / Everything Everywhere All at Once', '杨紫琼/许玮伦/关继威/杰米·李·柯蒂斯/史蒂芬妮·许', 'https://img1.doubanio.com/view/photo/s_ratio_poster/public/p2876409008.jpg', '关家永/丹尼尔·施纳特', 8.5, 612453, '动作/科幻/喜剧/奇幻/冒险', 'tt6710474', '英语 / 汉语普通话 / 粤语', 139, 'https://a24films.com/films/everything-everywhere-all-at-once', '美国', '2022-06-24', '普通华人洗衣店女老板伊芙琳（杨紫琼）被卷入一场跨越多个宇宙的冒险，她必须在各个平行宇宙间穿梭，拯救世界。', '科幻/多元宇宙/2022/美国/动作/喜剧/奇幻/奥斯卡', 2022, '杨紫琼:1024624|许玮伦:1198761|关继威:1000854|杰米·李·柯蒂斯:1002213', '关家永:1389481|丹尼尔·施纳特:1389482');
INSERT INTO `movie` (`movie_id`, `movie_name`, `movie_alias`, `actors`, `cover`, `directors`, `douban_score`, `douban_votes`, `type`, `imdb_id`, `languages`, `minutes`, `official_site`, `regions`, `release_date`, `description`, `tags`, `year`, `actor_ids`, `director_ids`) VALUES (33543353, '黑暗荣耀', '더 글로리 / The Glory', '宋慧乔/李道铉/任智妍/车珠烨/郑星一', 'https://img2.doubanio.com/view/photo/s_ratio_poster/public/p2897218273.jpg', '安吉镐', 8.8, 483729, '剧情/犯罪/悬疑', 'tt21209876', '韩语', 60, 'https://www.netflix.com/title/81621997', '韩国', '2022-12-30', '童年时期遭受严重校园暴力的文东恩（宋慧乔）经过多年精心策划，对施暴者展开了蓄谋已久的复仇计划。', '韩剧/复仇/2022/Netflix/剧情/悬疑/宋慧乔/校园暴力', 2022, '宋慧乔:1000099|李道铉:1389548|任智妍:1389549|车珠烨:1389550', '安吉镐:1389551');
INSERT INTO `movie` (`movie_id`, `movie_name`, `movie_alias`, `actors`, `cover`, `directors`, `douban_score`, `douban_votes`, `type`, `imdb_id`, `languages`, `minutes`, `official_site`, `regions`, `release_date`, `description`, `tags`, `year`, `actor_ids`, `director_ids`) VALUES (34455174, '芭比', '芭比 / Barbie', '玛格特·罗比/瑞恩·高斯林/艾美·费雷拉/凯特·麦金农/艾莎·冈萨雷斯', 'https://img9.doubanio.com/view/photo/s_ratio_poster/public/p2897376310.jpg', '格蕾塔·葛韦格', 7.8, 563241, '喜剧/奇幻/冒险', 'tt1517268', '英语 / 西班牙语', 114, 'https://www.barbiethemovie.com', '美国 / 英国 / 澳大利亚', '2023-07-21', '芭比（玛格特·罗比）因为想到了死亡而被驱逐出芭比乐园，与肯（瑞恩·高斯林）一同来到现实世界，开始了一段关于自我认同的奇妙旅程。', '喜剧/2023/美国/奇幻/芭比/女性/玩具/粉色', 2023, '玛格特·罗比:1232427|瑞恩·高斯林:1019977|艾美·费雷拉:1082768|凯特·麦金农:1196432', '格蕾塔·葛韦格:1156834');
INSERT INTO `movie` (`movie_id`, `movie_name`, `movie_alias`, `actors`, `cover`, `directors`, `douban_score`, `douban_votes`, `type`, `imdb_id`, `languages`, `minutes`, `official_site`, `regions`, `release_date`, `description`, `tags`, `year`, `actor_ids`, `director_ids`) VALUES (34623044, '星际穿越', '星际穿越 / Interstellar', '马修·麦康纳赫/安妮·海瑟薇/杰西卡·查斯坦/艾利·芳达/迈克尔·凯恩', 'https://img3.doubanio.com/view/photo/s_ratio_poster/public/p2614988097.jpg', '克里斯托弗·诺兰', 9.4, 1586234, '剧情/科幻/冒险', 'tt0816692', '英语', 169, 'https://interstellar.withgoogle.com', '美国 / 英国', '2014-11-12', '地球面临末日，前宇航员库伯（马修·麦康纳赫）穿越虫洞踏上寻找人类新家园的旅程，在宇宙中诠释了超越时空的父女之情。', '科幻/诺兰/宇宙/2014/美国/震撼/感人/时间', 2014, '马修·麦康纳赫:1013149|安妮·海瑟薇:1019414|杰西卡·查斯坦:1124372|迈克尔·凯恩:1003169', '克里斯托弗·诺兰:1054524');
INSERT INTO `movie` (`movie_id`, `movie_name`, `movie_alias`, `actors`, `cover`, `directors`, `douban_score`, `douban_votes`, `type`, `imdb_id`, `languages`, `minutes`, `official_site`, `regions`, `release_date`, `description`, `tags`, `year`, `actor_ids`, `director_ids`) VALUES (34680042, '灌篮高手', 'THE FIRST SLAM DUNK / 第一次灌篮', '木村昴/笑福亭宾/神尾晋一郎/三宅健太/仲村宗悟', 'https://img9.doubanio.com/view/photo/s_ratio_poster/public/p2880047512.jpg', '井上雄彦', 9, 623456, '动画/运动/剧情', 'tt18356410', '日语', 124, 'https://slam-dunk-movie.com', '日本', '2023-04-20', '以宫城良田的视角，重新讲述了湘北队与山王工业的那场改变命运的比赛，以及少年们的成长与羁绊。', '动画/篮球/日本/2023/灌篮高手/热血/青春/经典IP', 2023, '木村昴:1389608|笑福亭宾:1389609|神尾晋一郎:1389610', '井上雄彦:1389611');
INSERT INTO `movie` (`movie_id`, `movie_name`, `movie_alias`, `actors`, `cover`, `directors`, `douban_score`, `douban_votes`, `type`, `imdb_id`, `languages`, `minutes`, `official_site`, `regions`, `release_date`, `description`, `tags`, `year`, `actor_ids`, `director_ids`) VALUES (34780988, '流浪地球', '流浪地球 / The Wandering Earth', '吴京/屈楚萧/李光洁/吴孟达/赵今麦/隋磊', 'https://img3.doubanio.com/view/photo/s_ratio_poster/public/p2541523983.jpg', '郭帆', 7.9, 1068234, '剧情/科幻/冒险/灾难', 'tt7605074', '汉语普通话 / 英语 / 俄语', 125, '', '中国大陆', '2019-02-05', '太阳急速老化膨胀，地球即将被吞噬。人类开动一万台行星发动机，推动地球逃离太阳系，寻找新的家园。', '科幻/中国/太空/2019/灾难/硬科幻/吴京/春节', 2019, '吴京:1169734|屈楚萧:1389541|李光洁:1084726|吴孟达:1029890|赵今麦:1389542', '郭帆:1358222');
INSERT INTO `movie` (`movie_id`, `movie_name`, `movie_alias`, `actors`, `cover`, `directors`, `douban_score`, `douban_votes`, `type`, `imdb_id`, `languages`, `minutes`, `official_site`, `regions`, `release_date`, `description`, `tags`, `year`, `actor_ids`, `director_ids`) VALUES (34780991, '长安三万里', '长安三万里 / Chang An', '杨天翔/凌振赫/吴俊全/李佳/汪笑竹', 'https://img2.doubanio.com/view/photo/s_ratio_poster/public/p2897701150.jpg', '谢君伟/邹靖', 8, 514783, '动画/剧情/历史/冒险', 'tt27503685', '汉语普通话', 168, '', '中国大陆', '2023-07-08', '以高适回忆的视角，再现了诗人李白跌宕起伏的一生，以及盛唐时代的繁华与没落，将大量唐诗融入其中，诗意横生。', '动画/国漫/历史/唐朝/李白/2023/古风/诗词', 2023, '杨天翔:1389495|凌振赫:1389496|吴俊全:1389497', '谢君伟:1389498|邹靖:1389499');
INSERT INTO `movie` (`movie_id`, `movie_name`, `movie_alias`, `actors`, `cover`, `directors`, `douban_score`, `douban_votes`, `type`, `imdb_id`, `languages`, `minutes`, `official_site`, `regions`, `release_date`, `description`, `tags`, `year`, `actor_ids`, `director_ids`) VALUES (35011302, '鱿鱼游戏：挑战赛', '鱿鱼游戏：真人挑战 / Squid Game: The Challenge', '末·伯格曼/弗雷亚·艾伦/利亚·阿里', 'https://img2.doubanio.com/view/photo/s_ratio_poster/public/p2898712903.jpg', '史蒂芬·柯克比', 6.2, 123456, '真人秀/犯罪/剧情', 'tt21191806', '英语', 50, 'https://www.netflix.com/squid-game-the-challenge', '美国', '2023-11-22', '456名真实玩家参与改编自热门剧集《鱿鱼游戏》的淘汰赛，争夺456万美元的巨额奖金。', '真人秀/Netflix/2023/英国/竞技/争议', 2023, '末·伯格曼:1389512', '史蒂芬·柯克比:1389513');
INSERT INTO `movie` (`movie_id`, `movie_name`, `movie_alias`, `actors`, `cover`, `directors`, `douban_score`, `douban_votes`, `type`, `imdb_id`, `languages`, `minutes`, `official_site`, `regions`, `release_date`, `description`, `tags`, `year`, `actor_ids`, `director_ids`) VALUES (35217145, '奥本海默', '奥本海默 / Oppenheimer', '基里安·墨菲/艾米莉·布朗特/马特·达蒙/小罗伯特·唐尼/弗洛伦斯·皮尤/乔什·哈内特/肯尼斯·布拉纳', 'https://img1.doubanio.com/view/photo/s_ratio_poster/public/p2898912714.jpg', '克里斯托弗·诺兰', 8.8, 751263, '剧情/历史/传记', 'tt15398776', '英语 / 德语 / 荷兰语', 180, 'https://www.oppenheimermovie.com', '美国 / 英国', '2023-08-30', '美国\"原子弹之父\"罗伯特·奥本海默（基里安·墨菲）领导曼哈顿计划，开发出改变世界的核武器，之后却在政治漩涡中遭受审判。', '传记/历史/战争/诺兰/2023/美国/科学家/冷战', 2023, '基里安·墨菲:1003745|艾米莉·布朗特:1049534|马特·达蒙:1019766|小罗伯特·唐尼:1023632', '克里斯托弗·诺兰:1054524');
INSERT INTO `movie` (`movie_id`, `movie_name`, `movie_alias`, `actors`, `cover`, `directors`, `douban_score`, `douban_votes`, `type`, `imdb_id`, `languages`, `minutes`, `official_site`, `regions`, `release_date`, `description`, `tags`, `year`, `actor_ids`, `director_ids`) VALUES (35267208, '流浪地球2', '流浪地球2：重启计划 / The Wandering Earth 2', '吴京/刘德华/李雪健/沙溢/宁理/王智/朱颜曼滋/安地', 'https://img2.doubanio.com/view/photo/s_ratio_poster/public/p2885955777.jpg', '郭帆', 8.3, 1326548, '科幻/动作/冒险', 'tt13539646', '汉语普通话', 173, 'https://wanderingearth.movie', '中国大陆', '2023-01-22', '太阳即将毁灭，人类在地球表面建造了巨大的推进器，寻找新家园。然而宇宙之路危机四伏，人类文明的火种能否延续？', '科幻/中国/太空/灾难/特效/硬科幻/2023/中国电影', 2023, '吴京:1169734|刘德华:1027440|李雪健:1029652|沙溢:1039218|宁理:1318627|王智:1274040', '郭帆:1358222');
INSERT INTO `movie` (`movie_id`, `movie_name`, `movie_alias`, `actors`, `cover`, `directors`, `douban_score`, `douban_votes`, `type`, `imdb_id`, `languages`, `minutes`, `official_site`, `regions`, `release_date`, `description`, `tags`, `year`, `actor_ids`, `director_ids`) VALUES (35469584, '宇宙探索编辑部', '宇宙探索编辑部 / Journey to the West', '杨皓宇/艾丽娅/王一通/刘哲铭', 'https://img9.doubanio.com/view/photo/s_ratio_poster/public/p2880618668.jpg', '孔大山', 8, 356782, '剧情/喜剧/科幻', 'tt19505892', '汉语普通话', 116, '', '中国大陆', '2023-04-01', '一本濒临倒闭的UFO杂志主编（杨皓宇），带着一群信徒踏上了寻找宇宙文明的奇幻公路旅程，荒诞中透着真实的人文关怀。', '喜剧/科幻/2023/中国/独立电影/文艺/公路/UFO', 2023, '杨皓宇:1046987|艾丽娅:1389617|王一通:1389618', '孔大山:1389619');
INSERT INTO `movie` (`movie_id`, `movie_name`, `movie_alias`, `actors`, `cover`, `directors`, `douban_score`, `douban_votes`, `type`, `imdb_id`, `languages`, `minutes`, `official_site`, `regions`, `release_date`, `description`, `tags`, `year`, `actor_ids`, `director_ids`) VALUES (35512215, '奥本海默', '奥本海默 / Oppenheimer', '基里安·墨菲/艾米莉·布朗特/马特·达蒙/小罗伯特·唐尼/弗洛伦斯·皮尤', 'https://img1.doubanio.com/view/photo/s_ratio_poster/public/p2898912714.jpg', '克里斯托弗·诺兰', 8.8, 851263, '剧情/历史/传记', 'tt15398776', '英语 / 德语', 180, '', '美国 / 英国', '2023-08-30', '原子弹之父奥本海默的传记影片，讲述曼哈顿计划的全过程及其之后的政治遭遇。', '传记/历史/2023/诺兰/美国/奥斯卡/科学', 2023, '基里安·墨菲:1003745|艾米莉·布朗特:1049534|马特·达蒙:1019766', '克里斯托弗·诺兰:1054524');
INSERT INTO `movie` (`movie_id`, `movie_name`, `movie_alias`, `actors`, `cover`, `directors`, `douban_score`, `douban_votes`, `type`, `imdb_id`, `languages`, `minutes`, `official_site`, `regions`, `release_date`, `description`, `tags`, `year`, `actor_ids`, `director_ids`) VALUES (35575063, '年会不能停！', '年会不能停！ / YOLO', '大鹏/白客/任素汐/庄达菲/孙艺洲', 'https://img1.doubanio.com/view/photo/s_ratio_poster/public/p2899127643.jpg', '董润年', 8, 623451, '喜剧', 'tt29065049', '汉语普通话', 127, '', '中国大陆', '2023-12-29', '工厂工人胡建林（大鹏）因为一个误会被调往北京总部，在职场中经历了各种荒诞的年会筹备事件，映射出当代职场众生相。', '喜剧/职场/2023/中国/年会/大鹏/讽刺/轻松', 2023, '大鹏:1205037|白客:1282943|任素汐:1252388|庄达菲:1389568', '董润年:1167458');
INSERT INTO `movie` (`movie_id`, `movie_name`, `movie_alias`, `actors`, `cover`, `directors`, `douban_score`, `douban_votes`, `type`, `imdb_id`, `languages`, `minutes`, `official_site`, `regions`, `release_date`, `description`, `tags`, `year`, `actor_ids`, `director_ids`) VALUES (35709800, '抓娃娃', '抓娃娃 / Successor', '沈腾/马丽/史彭元/萨日娜', 'https://img2.doubanio.com/view/photo/s_ratio_poster/public/p2903894125.jpg', '闫非/彭大魔', 7.5, 697432, '喜剧', 'tt30093951', '汉语普通话', 128, '', '中国大陆', '2024-07-19', '富商夫妇假装贫穷，对儿子进行全面监控式教育，在这个精心设计的\"贫困\"环境中，父子之间产生了一系列令人捧腹又感慨万千的故事。', '喜剧/2024/中国/沈腾/马丽/家庭/教育/夏天', 2024, '沈腾:1178869|马丽:1178867|史彭元:1389598|萨日娜:1033698', '闫非:1389599|彭大魔:1389600');
INSERT INTO `movie` (`movie_id`, `movie_name`, `movie_alias`, `actors`, `cover`, `directors`, `douban_score`, `douban_votes`, `type`, `imdb_id`, `languages`, `minutes`, `official_site`, `regions`, `release_date`, `description`, `tags`, `year`, `actor_ids`, `director_ids`) VALUES (36011561, '周处除三害', '九龙城寨之围城 / The Pig, the Snake and the Pigeon', '阮经天/袁富华/陈以文/李李仁/王净', 'https://img9.doubanio.com/view/photo/s_ratio_poster/public/p2898752438.jpg', '黄精甫', 8.2, 843562, '剧情/动作/犯罪', 'tt26745314', '汉语普通话', 134, '', '中国台湾', '2024-03-22', '通缉犯陈桂林（阮经天）意外得知自己身患绝症时日无多，决定在死前消灭通缉名单上排在自己前面的两名罪犯，由此踏上了一段震撼人心的除恶之旅。', '台湾/犯罪/2024/动作/剧情/阮经天/黑色/震撼', 2024, '阮经天:1083020|袁富华:1389588|陈以文:1057638|李李仁:1389589', '黄精甫:1389590');
INSERT INTO `movie` (`movie_id`, `movie_name`, `movie_alias`, `actors`, `cover`, `directors`, `douban_score`, `douban_votes`, `type`, `imdb_id`, `languages`, `minutes`, `official_site`, `regions`, `release_date`, `description`, `tags`, `year`, `actor_ids`, `director_ids`) VALUES (36248601, '好东西', '好东西 / Her Story', '宋佳/钟楚曦/赵又廷/吴磊/连燊樁', 'https://img1.doubanio.com/view/photo/s_ratio_poster/public/p2912854932.jpg', '邵艺辉', 9, 623145, '剧情/爱情/喜剧', 'tt30869021', '汉语普通话', 114, '', '中国大陆', '2024-11-15', '前调查记者王铁梅（宋佳）独自带女儿生活，与邻居小叶（钟楚曦）成为好友，两段真实而温暖的女性友谊在上海徐徐展开。', '剧情/女性/2024/中国/友情/都市/现实/感动', 2024, '宋佳:1062462|钟楚曦:1389622|赵又廷:1109706|吴磊:1286671', '邵艺辉:1389623');
COMMIT;

-- ----------------------------
-- Table structure for movie_comment
-- ----------------------------
DROP TABLE IF EXISTS `movie_comment`;
CREATE TABLE `movie_comment` (
  `comment_id` int unsigned NOT NULL AUTO_INCREMENT COMMENT '评论ID',
  `user_id` varchar(255) CHARACTER SET utf8mb4 COLLATE utf8mb4_0900_ai_ci DEFAULT NULL COMMENT '豆瓣用户ID',
  `user_nickname` varchar(255) CHARACTER SET utf8mb4 COLLATE utf8mb4_0900_ai_ci DEFAULT NULL COMMENT '豆瓣用户昵称',
  `movie_id` int DEFAULT NULL COMMENT '电影ID',
  `comment_content` varchar(255) CHARACTER SET utf8mb4 COLLATE utf8mb4_0900_ai_ci DEFAULT NULL COMMENT '评论内容',
  `like_count` int DEFAULT NULL COMMENT '评论点赞数量',
  `rating` int DEFAULT NULL COMMENT '评分',
  `comment_time` datetime DEFAULT NULL COMMENT '评论时间',
  PRIMARY KEY (`comment_id`) USING BTREE
) ENGINE=InnoDB AUTO_INCREMENT=5000051 DEFAULT CHARSET=utf8mb4 COLLATE=utf8mb4_0900_ai_ci COMMENT='电影评论表';

-- ----------------------------
-- Records of movie_comment
-- ----------------------------
BEGIN;
INSERT INTO `movie_comment` (`comment_id`, `user_id`, `user_nickname`, `movie_id`, `comment_content`, `like_count`, `rating`, `comment_time`) VALUES (5000001, 'a1b2c3d4e5f6a7b8c9d0e1f2a3b4c5d6', '电影迷小王', 35267208, '太震撼了！特效做到这种程度，中国科幻电影真的崛起了！', 1256, 5, '2023-01-25 20:15:33');
INSERT INTO `movie_comment` (`comment_id`, `user_id`, `user_nickname`, `movie_id`, `comment_content`, `like_count`, `rating`, `comment_time`) VALUES (5000002, 'b2c3d4e5f6a7b8c9d0e1f2a3b4c5d6e7', '影评君', 35267208, '相比第一部有进步，但剧情还是弱了点，特效满分', 892, 4, '2023-01-23 19:30:12');
INSERT INTO `movie_comment` (`comment_id`, `user_id`, `user_nickname`, `movie_id`, `comment_content`, `like_count`, `rating`, `comment_time`) VALUES (5000003, 'c3d4e5f6a7b8c9d0e1f2a3b4c5d6e7f8', '追影记', 26754233, '哪吒我命由我不由天！看哭了，国漫崛起真的不是说说而已', 2341, 5, '2019-08-02 21:45:00');
INSERT INTO `movie_comment` (`comment_id`, `user_id`, `user_nickname`, `movie_id`, `comment_content`, `like_count`, `rating`, `comment_time`) VALUES (5000004, 'd4e5f6a7b8c9d0e1f2a3b4c5d6e7f8a9', '小熊猫的电影日记', 26754233, '年度最佳动画，没有之一。配音、画面、故事都太好了', 1567, 5, '2019-07-30 18:22:11');
INSERT INTO `movie_comment` (`comment_id`, `user_id`, `user_nickname`, `movie_id`, `comment_content`, `like_count`, `rating`, `comment_time`) VALUES (5000005, 'e5f6a7b8c9d0e1f2a3b4c5d6e7f8a9b0', '影人影事', 26326614, '奉俊昊用阶级讲了个完美的犯罪故事，戛纳最佳名副其实', 3245, 5, '2019-10-11 16:40:55');
INSERT INTO `movie_comment` (`comment_id`, `user_id`, `user_nickname`, `movie_id`, `comment_content`, `like_count`, `rating`, `comment_time`) VALUES (5000006, 'f6a7b8c9d0e1f2a3b4c5d6e7f8a9b0c1', '看电影长大的孩子', 26326614, '结局太狠了，看完心情久久不能平复，韩国电影真的很会拍', 2198, 5, '2020-02-14 22:10:30');
INSERT INTO `movie_comment` (`comment_id`, `user_id`, `user_nickname`, `movie_id`, `comment_content`, `like_count`, `rating`, `comment_time`) VALUES (5000007, 'a7b8c9d0e1f2a3b4c5d6e7f8a9b0c1d2', '光影追逐者', 35217145, '诺兰又一神作，三小时完全不觉得长，奥斯卡欠他太多了', 1876, 5, '2023-09-01 20:00:15');
INSERT INTO `movie_comment` (`comment_id`, `user_id`, `user_nickname`, `movie_id`, `comment_content`, `like_count`, `rating`, `comment_time`) VALUES (5000008, 'b8c9d0e1f2a3b4c5d6e7f8a9b0c1d2e3', 'MovieBuff李飞', 35217145, '历史的厚重感全程压迫，基里安·墨菲的表演炉火纯青', 1432, 5, '2023-09-05 15:33:45');
INSERT INTO `movie_comment` (`comment_id`, `user_id`, `user_nickname`, `movie_id`, `comment_content`, `like_count`, `rating`, `comment_time`) VALUES (5000009, 'c9d0e1f2a3b4c5d6e7f8a9b0c1d2e3f4', '走走停停看电影', 26430107, '迪士尼近十年最好的动画，对偏见和歧视的刻画太深刻了', 2876, 5, '2016-03-10 19:55:20');
INSERT INTO `movie_comment` (`comment_id`, `user_id`, `user_nickname`, `movie_id`, `comment_content`, `like_count`, `rating`, `comment_time`) VALUES (5000010, 'd0e1f2a3b4c5d6e7f8a9b0c1d2e3f4a5', '银幕物语', 26430107, '兔子警官太可爱了！整部电影温暖又治愈，合家欢必看', 1987, 5, '2016-04-02 21:20:00');
INSERT INTO `movie_comment` (`comment_id`, `user_id`, `user_nickname`, `movie_id`, `comment_content`, `like_count`, `rating`, `comment_time`) VALUES (5000011, 'e1f2a3b4c5d6e7f8a9b0c1d2e3f4a5b6', '午夜场影评人', 27019563, '西班牙悬疑片的天花板，反转太精彩了，结局完全没想到', 3654, 5, '2017-06-15 23:00:45');
INSERT INTO `movie_comment` (`comment_id`, `user_id`, `user_nickname`, `movie_id`, `comment_content`, `like_count`, `rating`, `comment_time`) VALUES (5000012, 'f2a3b4c5d6e7f8a9b0c1d2e3f4a5b6c7', '光圈里的世界', 27019563, '看了两遍才把所有细节串起来，太烧脑了，值得反复看', 2234, 5, '2018-01-20 14:30:10');
INSERT INTO `movie_comment` (`comment_id`, `user_id`, `user_nickname`, `movie_id`, `comment_content`, `like_count`, `rating`, `comment_time`) VALUES (5000013, 'a3b4c5d6e7f8a9b0c1d2e3f4a5b6c7d8', '青春在哪里', 26949560, '新海诚的画面美得像油画，故事感人至深，日本动画的巅峰', 4521, 5, '2016-12-10 20:45:30');
INSERT INTO `movie_comment` (`comment_id`, `user_id`, `user_nickname`, `movie_id`, `comment_content`, `like_count`, `rating`, `comment_time`) VALUES (5000014, 'b4c5d6e7f8a9b0c1d2e3f4a5b6c7d8e9', '时光旅行者', 26949560, '想到那句你的名字，就忍不住落泪，爱情最美的样子', 3876, 5, '2017-01-05 19:15:55');
INSERT INTO `movie_comment` (`comment_id`, `user_id`, `user_nickname`, `movie_id`, `comment_content`, `like_count`, `rating`, `comment_time`) VALUES (5000015, 'c5d6e7f8a9b0c1d2e3f4a5b6c7d8e9f0', '老张的电影角落', 30001374, '两个人的公路旅行，让我相信世界是美好的，奥斯卡最佳实至名归', 2543, 5, '2019-03-10 21:00:00');
INSERT INTO `movie_comment` (`comment_id`, `user_id`, `user_nickname`, `movie_id`, `comment_content`, `like_count`, `rating`, `comment_time`) VALUES (5000016, 'd6e7f8a9b0c1d2e3f4a5b6c7d8e9f0a1', '每帧都是故事', 30001374, '维果·莫腾森和马赫沙拉·阿里的化学反应太好了，笑中带泪', 1987, 5, '2019-03-25 16:40:20');
INSERT INTO `movie_comment` (`comment_id`, `user_id`, `user_nickname`, `movie_id`, `comment_content`, `like_count`, `rating`, `comment_time`) VALUES (5000017, 'e7f8a9b0c1d2e3f4a5b6c7d8e9f0a1b2', '运动精神boy', 26752088, '阿米尔汗的诚意之作，爸爸和女儿的情感线太动人了', 3120, 5, '2017-05-10 19:30:15');
INSERT INTO `movie_comment` (`comment_id`, `user_id`, `user_nickname`, `movie_id`, `comment_content`, `like_count`, `rating`, `comment_time`) VALUES (5000018, 'f8a9b0c1d2e3f4a5b6c7d8e9f0a1b2c3', '印度电影爱好者', 26752088, '宝莱坞最好的励志电影，没有歌舞纯靠故事打动人心', 2765, 5, '2017-06-01 22:00:45');
INSERT INTO `movie_comment` (`comment_id`, `user_id`, `user_nickname`, `movie_id`, `comment_content`, `like_count`, `rating`, `comment_time`) VALUES (5000019, 'a9b0c1d2e3f4a5b6c7d8e9f0a1b2c3d4', '漫威死忠粉', 25724460, '宇宙最强集结，打得太爽了！结局太残忍，泪目！', 2876, 5, '2018-05-15 22:30:00');
INSERT INTO `movie_comment` (`comment_id`, `user_id`, `user_nickname`, `movie_id`, `comment_content`, `like_count`, `rating`, `comment_time`) VALUES (5000020, 'b0c1d2e3f4a5b6c7d8e9f0a1b2c3d4e5', '超英宇宙探索者', 25724460, '灭霸的逻辑竟然无法反驳，这个反派塑造得太成功了', 1987, 4, '2018-05-20 20:00:10');
INSERT INTO `movie_comment` (`comment_id`, `user_id`, `user_nickname`, `movie_id`, `comment_content`, `like_count`, `rating`, `comment_time`) VALUES (5000021, 'c1d2e3f4a5b6c7d8e9f0a1b2c3d4e5f6', '八零后影迷', 26580232, '满满的80年代游戏彩蛋，斯皮尔伯格太懂我们了！', 2345, 5, '2018-04-05 21:45:00');
INSERT INTO `movie_comment` (`comment_id`, `user_id`, `user_nickname`, `movie_id`, `comment_content`, `like_count`, `rating`, `comment_time`) VALUES (5000022, 'd2e3f4a5b6c7d8e9f0a1b2c3d4e5f6a7', '沉浸式观影体验', 26580232, '视觉盛宴！故事有些单薄，但娱乐性拉满', 1234, 4, '2018-04-10 19:00:30');
INSERT INTO `movie_comment` (`comment_id`, `user_id`, `user_nickname`, `movie_id`, `comment_content`, `like_count`, `rating`, `comment_time`) VALUES (5000023, 'e3f4a5b6c7d8e9f0a1b2c3d4e5f6a7b8', '日影收集者', 27143134, '是枝裕和的温柔，像一把刀慢慢割，割到最后才知道有多疼', 2876, 5, '2018-12-01 20:30:15');
INSERT INTO `movie_comment` (`comment_id`, `user_id`, `user_nickname`, `movie_id`, `comment_content`, `like_count`, `rating`, `comment_time`) VALUES (5000024, 'f4a5b6c7d8e9f0a1b2c3d4e5f6a7b8c9', '东亚影迷协会', 27143134, '\"家\"不是血缘定义的，是爱定义的，太触动了', 2198, 5, '2019-01-15 22:00:00');
INSERT INTO `movie_comment` (`comment_id`, `user_id`, `user_nickname`, `movie_id`, `comment_content`, `like_count`, `rating`, `comment_time`) VALUES (5000025, 'a5b6c7d8e9f0a1b2c3d4e5f6a7b8c9d0', '杨紫琼全球后援会', 33387642, '杨紫琼奥斯卡太deserved了！华裔演员的历史时刻', 3456, 5, '2022-06-30 21:15:20');
INSERT INTO `movie_comment` (`comment_id`, `user_id`, `user_nickname`, `movie_id`, `comment_content`, `like_count`, `rating`, `comment_time`) VALUES (5000026, 'b6c7d8e9f0a1b2c3d4e5f6a7b8c9d0e1', '多元宇宙研究者', 33387642, '真的很疯，但又很感动，这就是电影的魅力，什么都有可能', 2345, 5, '2022-07-05 19:45:35');
INSERT INTO `movie_comment` (`comment_id`, `user_id`, `user_nickname`, `movie_id`, `comment_content`, `like_count`, `rating`, `comment_time`) VALUES (5000027, 'c7d8e9f0a1b2c3d4e5f6a7b8c9d0e1f2', '诺兰门徒', 30766564, '看了三遍，每次都有新发现，诺兰真是疯子天才', 1987, 4, '2020-09-10 23:00:10');
INSERT INTO `movie_comment` (`comment_id`, `user_id`, `user_nickname`, `movie_id`, `comment_content`, `like_count`, `rating`, `comment_time`) VALUES (5000028, 'd8e9f0a1b2c3d4e5f6a7b8c9d0e1f2a3', '大片爱好者', 30766564, '时间逆转的视觉效果太震撼了，剧情有点烧脑但值得', 1456, 4, '2020-09-15 20:30:00');
INSERT INTO `movie_comment` (`comment_id`, `user_id`, `user_nickname`, `movie_id`, `comment_content`, `like_count`, `rating`, `comment_time`) VALUES (5000029, 'e9f0a1b2c3d4e5f6a7b8c9d0e1f2a3b4', '爵士乐迷Tom', 26752093, '配乐太美了！结局是真实的，但也是心碎的，这就是生活', 2987, 5, '2017-02-20 21:00:30');
INSERT INTO `movie_comment` (`comment_id`, `user_id`, `user_nickname`, `movie_id`, `comment_content`, `like_count`, `rating`, `comment_time`) VALUES (5000030, 'f0a1b2c3d4e5f6a7b8c9d0e1f2a3b4c5', '洛杉矶追梦人', 26752093, '瑞恩高斯林弹钢琴太帅了，爱乐之城的画面每一帧都是壁纸', 2123, 5, '2017-03-05 19:20:15');
INSERT INTO `movie_comment` (`comment_id`, `user_id`, `user_nickname`, `movie_id`, `comment_content`, `like_count`, `rating`, `comment_time`) VALUES (5000031, 'a1b2c3d4e5f6a7b8c9d0e1f2a3b4c5d7', '良心国产片观察员', 30426945, '全程哭了，这就是中国的现实，徐峥演技太好了', 4321, 5, '2018-07-10 22:15:00');
INSERT INTO `movie_comment` (`comment_id`, `user_id`, `user_nickname`, `movie_id`, `comment_content`, `like_count`, `rating`, `comment_time`) VALUES (5000032, 'b2c3d4e5f6a7b8c9d0e1f2a3b4c5d6e8', '人间清醒小余', 30426945, '一个关于平凡人的英雄故事，看完想给每个病人捐药', 3654, 5, '2018-07-20 20:00:45');
INSERT INTO `movie_comment` (`comment_id`, `user_id`, `user_nickname`, `movie_id`, `comment_content`, `like_count`, `rating`, `comment_time`) VALUES (5000033, 'c3d4e5f6a7b8c9d0e1f2a3b4c5d6e7f9', '泰国影迷联盟', 26683091, '作弊版《十一罗汉》，节奏紧张刺激，泰国类型片的惊喜', 2345, 5, '2017-10-01 21:30:20');
INSERT INTO `movie_comment` (`comment_id`, `user_id`, `user_nickname`, `movie_id`, `comment_content`, `like_count`, `rating`, `comment_time`) VALUES (5000034, 'd4e5f6a7b8c9d0e1f2a3b4c5d6e7f8b0', '高智商犯罪爱好者', 26683091, '男主角不愿作弊，女主才是真正的天才，反转太好了', 1876, 4, '2018-02-14 16:00:00');
INSERT INTO `movie_comment` (`comment_id`, `user_id`, `user_nickname`, `movie_id`, `comment_content`, `like_count`, `rating`, `comment_time`) VALUES (5000035, 'e5f6a7b8c9d0e1f2a3b4c5d6e7f8a9c1', '韩剧女王', 30163509, '这部电影证明了喜剧也可以是顶级推理，丹尼尔·克雷格的口音太好笑了', 1987, 5, '2020-01-15 20:45:10');
INSERT INTO `movie_comment` (`comment_id`, `user_id`, `user_nickname`, `movie_id`, `comment_content`, `like_count`, `rating`, `comment_time`) VALUES (5000036, 'f6a7b8c9d0e1f2a3b4c5d6e7f8a9b0d2', '推理小说迷Clara', 30163509, '每个线索都埋得那么好，二刷发现早就给了提示，太聪明了', 2234, 5, '2020-02-01 19:30:55');
INSERT INTO `movie_comment` (`comment_id`, `user_id`, `user_nickname`, `movie_id`, `comment_content`, `like_count`, `rating`, `comment_time`) VALUES (5000037, 'a7b8c9d0e1f2a3b4c5d6e7f8a9b0c1e3', '战争片资深粉', 27016798, '一镜到底拍出了战争的残酷，那种窒息感真实到可怕', 2876, 5, '2020-01-20 22:00:00');
INSERT INTO `movie_comment` (`comment_id`, `user_id`, `user_nickname`, `movie_id`, `comment_content`, `like_count`, `rating`, `comment_time`) VALUES (5000038, 'b8c9d0e1f2a3b4c5d6e7f8a9b0c1d2f4', '摄影爱好者大毛', 27016798, '摄影指导太厉害了，完全看不出剪辑点，奥斯卡最佳摄影当之无愧', 2123, 5, '2020-01-25 19:15:30');
INSERT INTO `movie_comment` (`comment_id`, `user_id`, `user_nickname`, `movie_id`, `comment_content`, `like_count`, `rating`, `comment_time`) VALUES (5000039, 'c9d0e1f2a3b4c5d6e7f8a9b0c1d2e3a5', '国产片铁杆支持者', 30287103, '八百壮士的故事太震撼了，国产战争片拍到这个程度真不容易', 2543, 4, '2020-08-25 21:30:10');
INSERT INTO `movie_comment` (`comment_id`, `user_id`, `user_nickname`, `movie_id`, `comment_content`, `like_count`, `rating`, `comment_time`) VALUES (5000040, 'd0e1f2a3b4c5d6e7f8a9b0c1d2e3f4b6', '历史爱好者老陈', 30287103, '小人物的视角呈现大历史，每个角色都有记忆点', 1765, 4, '2020-09-01 20:00:45');
INSERT INTO `movie_comment` (`comment_id`, `user_id`, `user_nickname`, `movie_id`, `comment_content`, `like_count`, `rating`, `comment_time`) VALUES (5000041, 'e1f2a3b4c5d6e7f8a9b0c1d2e3f4a5c7', '青春校园观察者', 26798603, '易烊千玺的演技进步太明显了，周冬雨一如既往的好', 2987, 5, '2019-11-01 22:15:00');
INSERT INTO `movie_comment` (`comment_id`, `user_id`, `user_nickname`, `movie_id`, `comment_content`, `like_count`, `rating`, `comment_time`) VALUES (5000042, 'f2a3b4c5d6e7f8a9b0c1d2e3f4a5b6d8', '反霸凌倡导者', 26798603, '校园暴力的残酷被拍出来了，希望这样的故事不再发生', 3456, 5, '2019-11-10 21:00:30');
INSERT INTO `movie_comment` (`comment_id`, `user_id`, `user_nickname`, `movie_id`, `comment_content`, `like_count`, `rating`, `comment_time`) VALUES (5000043, 'a3b4c5d6e7f8a9b0c1d2e3f4a5b6c7e9', '宫城良田后援团长', 34680042, '宫城良田的故事比原著还要精彩，哭到不行，热血满分', 4321, 5, '2023-04-25 20:30:00');
INSERT INTO `movie_comment` (`comment_id`, `user_id`, `user_nickname`, `movie_id`, `comment_content`, `like_count`, `rating`, `comment_time`) VALUES (5000044, 'b4c5d6e7f8a9b0c1d2e3f4a5b6c7d8f0', '灌篮情怀回忆录', 34680042, '全程鸡皮疙瘩！那些经典台词和画面重现，太燃了！', 3987, 5, '2023-05-10 19:45:15');
INSERT INTO `movie_comment` (`comment_id`, `user_id`, `user_nickname`, `movie_id`, `comment_content`, `like_count`, `rating`, `comment_time`) VALUES (5000045, 'c5d6e7f8a9b0c1d2e3f4a5b6c7d8e9a1', '女性电影关注者', 36248601, '好久没看到这么真实的女性群像了，温暖有力量，强烈推荐', 2345, 5, '2024-11-20 21:00:00');
INSERT INTO `movie_comment` (`comment_id`, `user_id`, `user_nickname`, `movie_id`, `comment_content`, `like_count`, `rating`, `comment_time`) VALUES (5000046, 'd6e7f8a9b0c1d2e3f4a5b6c7d8e9f0b2', '上海小资生活家', 36248601, '邵艺辉太懂当代都市女性了，笑着笑着就哭了', 1987, 5, '2024-11-22 20:15:45');
INSERT INTO `movie_comment` (`comment_id`, `user_id`, `user_nickname`, `movie_id`, `comment_content`, `like_count`, `rating`, `comment_time`) VALUES (5000047, 'e7f8a9b0c1d2e3f4a5b6c7d8e9f0a1c3', '职场打工人自救', 35575063, '笑死了！说的不就是我公司年会吗？！太真实了', 3654, 5, '2024-01-02 22:30:10');
INSERT INTO `movie_comment` (`comment_id`, `user_id`, `user_nickname`, `movie_id`, `comment_content`, `like_count`, `rating`, `comment_time`) VALUES (5000048, 'f8a9b0c1d2e3f4a5b6c7d8e9f0a1b2d4', '喜剧电影收集家', 35575063, '沈腾和大鹏的组合太好笑了，职场讽刺恰到好处', 2876, 5, '2024-01-05 20:00:30');
INSERT INTO `movie_comment` (`comment_id`, `user_id`, `user_nickname`, `movie_id`, `comment_content`, `like_count`, `rating`, `comment_time`) VALUES (5000049, 'a9b0c1d2e3f4a5b6c7d8e9f0a1b2c3e5', '台湾独立电影迷', 36011561, '阮经天的表演真的让我震惊，这是他演艺生涯的巅峰', 2543, 5, '2024-03-25 21:45:00');
INSERT INTO `movie_comment` (`comment_id`, `user_id`, `user_nickname`, `movie_id`, `comment_content`, `like_count`, `rating`, `comment_time`) VALUES (5000050, 'b0c1d2e3f4a5b6c7d8e9f0a1b2c3d4f6', '犯罪类型片死忠', 36011561, '周处除三害，这故事改编得太精彩了，三幕戏层层递进', 2198, 5, '2024-04-01 19:30:20');
COMMIT;

-- ----------------------------
-- Table structure for movie_worker
-- ----------------------------
DROP TABLE IF EXISTS `movie_worker`;
CREATE TABLE `movie_worker` (
  `worker_id` int NOT NULL COMMENT '电影工作者ID',
  `worker_name` varchar(255) CHARACTER SET utf8mb4 COLLATE utf8mb4_0900_ai_ci DEFAULT NULL COMMENT '电影工作者名称',
  `gender` varchar(8) CHARACTER SET utf8mb4 COLLATE utf8mb4_0900_ai_ci DEFAULT NULL COMMENT '性别',
  `name_en` varchar(512) CHARACTER SET utf8mb4 COLLATE utf8mb4_0900_ai_ci DEFAULT NULL COMMENT '英文名',
  `name_zh` varchar(255) CHARACTER SET utf8mb4 COLLATE utf8mb4_0900_ai_ci DEFAULT NULL COMMENT '中文名',
  `birth` date DEFAULT NULL COMMENT '出生日期',
  `birthplace` varchar(255) CHARACTER SET utf8mb4 COLLATE utf8mb4_0900_ai_ci DEFAULT NULL COMMENT '出生地点',
  `constellatory` varchar(255) CHARACTER SET utf8mb4 COLLATE utf8mb4_0900_ai_ci DEFAULT NULL COMMENT '星座',
  `profession` varchar(255) CHARACTER SET utf8mb4 COLLATE utf8mb4_0900_ai_ci DEFAULT NULL COMMENT '职业',
  `biography` varchar(512) CHARACTER SET utf8mb4 COLLATE utf8mb4_0900_ai_ci DEFAULT NULL COMMENT '简介',
  PRIMARY KEY (`worker_id`) USING BTREE
) ENGINE=InnoDB DEFAULT CHARSET=utf8mb4 COLLATE=utf8mb4_0900_ai_ci COMMENT='电影工作者';

-- ----------------------------
-- Records of movie_worker
-- ----------------------------
BEGIN;
INSERT INTO `movie_worker` (`worker_id`, `worker_name`, `gender`, `name_en`, `name_zh`, `birth`, `birthplace`, `constellatory`, `profession`, `biography`) VALUES (2000001, '吴京', '男', 'Jing Wu', '吴京', '1974-04-03', '中国,北京', '白羊座', '演员 / 导演', '中国著名动作演员和导演，以《战狼》系列和《流浪地球》系列享誉全国，推动中国动作片和科幻片走向世界。');
INSERT INTO `movie_worker` (`worker_id`, `worker_name`, `gender`, `name_en`, `name_zh`, `birth`, `birthplace`, `constellatory`, `profession`, `biography`) VALUES (2000002, '郭帆', '男', 'Frant Gwo', '郭帆', '1980-05-10', '中国,吉林', '金牛座', '导演', '中国科幻电影领军导演，执导《流浪地球》及其续集，开创了中国硬科幻电影的新时代。');
INSERT INTO `movie_worker` (`worker_id`, `worker_name`, `gender`, `name_en`, `name_zh`, `birth`, `birthplace`, `constellatory`, `profession`, `biography`) VALUES (2000003, '黄渤', '男', 'Bo Huang', '黄渤', '1974-08-26', '中国,青岛', '处女座', '演员', '中国实力派演员，曾获金马奖最佳男主角，以喜剧和文艺片见长，代表作《疯狂的石头》《亲爱的》等。');
INSERT INTO `movie_worker` (`worker_id`, `worker_name`, `gender`, `name_en`, `name_zh`, `birth`, `birthplace`, `constellatory`, `profession`, `biography`) VALUES (2000004, '沈腾', '男', 'Teng Shen', '沈腾', '1979-11-07', '中国,哈尔滨', '天蝎座', '演员 / 编剧', '中国最具票房号召力的喜剧演员，开心麻花核心成员，主演《夏洛特烦恼》《西虹市首富》《抓娃娃》等。');
INSERT INTO `movie_worker` (`worker_id`, `worker_name`, `gender`, `name_en`, `name_zh`, `birth`, `birthplace`, `constellatory`, `profession`, `biography`) VALUES (2000005, '周冬雨', '女', 'Dongyu Zhou', '周冬雨', '1992-08-08', '中国,河北', '狮子座', '演员', '金马影后，中国新生代演员代表，代表作《少年的你》《山楂树之恋》，凭《少年的你》获众多奖项。');
INSERT INTO `movie_worker` (`worker_id`, `worker_name`, `gender`, `name_en`, `name_zh`, `birth`, `birthplace`, `constellatory`, `profession`, `biography`) VALUES (2000006, '易烊千玺', '男', 'Jackson Yee', '易烊千玺', '2000-11-28', '中国,怀化', '射手座', '演员 / 歌手', 'TFBOYS成员，凭电影《少年的你》转型成功，成为中国最受瞩目的新生代演员之一。');
INSERT INTO `movie_worker` (`worker_id`, `worker_name`, `gender`, `name_en`, `name_zh`, `birth`, `birthplace`, `constellatory`, `profession`, `biography`) VALUES (2000007, '曾国祥', '男', 'Derek Tsang', '曾国祥', '1983-02-18', '中国,香港', '水瓶座', '导演', '香港导演，曾秀华之子，执导《少年的你》《七月与安生》，擅长青春情感题材。');
INSERT INTO `movie_worker` (`worker_id`, `worker_name`, `gender`, `name_en`, `name_zh`, `birth`, `birthplace`, `constellatory`, `profession`, `biography`) VALUES (2000008, '文牧野', '男', 'Muye Wen', '文牧野', '1985-07-18', '中国,新疆', '巨蟹座', '导演', '中国导演，代表作《我不是药神》，该片获无数奖项并引发社会广泛讨论，是中国现实主义电影的标杆之作。');
INSERT INTO `movie_worker` (`worker_id`, `worker_name`, `gender`, `name_en`, `name_zh`, `birth`, `birthplace`, `constellatory`, `profession`, `biography`) VALUES (2000009, '宁浩', '男', 'Hao Ning', '宁浩', '1977-11-22', '中国,山西', '射手座', '导演 / 编剧', '中国著名导演，\"坏猴子\"电影公司创始人，以\"疯狂\"系列多线叙事著称，代表作《疯狂的石头》《疯狂的外星人》。');
INSERT INTO `movie_worker` (`worker_id`, `worker_name`, `gender`, `name_en`, `name_zh`, `birth`, `birthplace`, `constellatory`, `profession`, `biography`) VALUES (2000010, '管虎', '男', 'Hu Guan', '管虎', '1968-11-22', '中国,北京', '射手座', '导演', '中国著名导演，代表作《八佰》《老炮儿》，擅长战争题材和现实题材，风格粗粝有力。');
INSERT INTO `movie_worker` (`worker_id`, `worker_name`, `gender`, `name_en`, `name_zh`, `birth`, `birthplace`, `constellatory`, `profession`, `biography`) VALUES (2000011, '饺子', '男', NULL, '杨宇', '1981-08-23', '中国,四川', '处女座', '导演 / 编剧 / 动画师', '本名杨宇，独立完成动画电影《哪吒之魔童降世》的主要工作，成为中国最受关注的动画导演。');
INSERT INTO `movie_worker` (`worker_id`, `worker_name`, `gender`, `name_en`, `name_zh`, `birth`, `birthplace`, `constellatory`, `profession`, `biography`) VALUES (2000012, '谢君伟', '男', NULL, '谢君伟', '1985-03-15', '中国,广东', '双鱼座', '导演', '追光动画导演，代表作《长安三万里》，以中国历史和唐诗文化为素材，打造了高口碑的国产动画大片。');
INSERT INTO `movie_worker` (`worker_id`, `worker_name`, `gender`, `name_en`, `name_zh`, `birth`, `birthplace`, `constellatory`, `profession`, `biography`) VALUES (2000013, '奉俊昊', '男', 'Bong Joon-ho', NULL, '1969-09-14', '韩国,大邱', '处女座', '导演 / 编剧', '韩国著名导演，凭《寄生虫》首次斩获戛纳金棕榈和奥斯卡最佳影片，是韩国电影走向世界的重要代表。');
INSERT INTO `movie_worker` (`worker_id`, `worker_name`, `gender`, `name_en`, `name_zh`, `birth`, `birthplace`, `constellatory`, `profession`, `biography`) VALUES (2000014, '宋康昊', '男', 'Kang-ho Song', NULL, '1967-01-17', '韩国,釜山', '摩羯座', '演员', '韩国最具代表性的男演员之一，被誉为\"韩国的马龙·白兰度\"，代表作《寄生虫》《醉乡民谣》《杀人回忆》。');
INSERT INTO `movie_worker` (`worker_id`, `worker_name`, `gender`, `name_en`, `name_zh`, `birth`, `birthplace`, `constellatory`, `profession`, `biography`) VALUES (2000015, '崔宇植', '男', 'Woo-sik Choi', NULL, '1990-03-26', '韩国,光州', '白羊座', '演员', '韩国演员，凭《寄生虫》引起广泛关注，后主演奈飞剧集《僵尸校园》进一步提升国际知名度。');
INSERT INTO `movie_worker` (`worker_id`, `worker_name`, `gender`, `name_en`, `name_zh`, `birth`, `birthplace`, `constellatory`, `profession`, `biography`) VALUES (2000016, '宋慧乔', '女', 'Hye-kyo Song', NULL, '1981-11-22', '韩国,大邱', '射手座', '演员', '韩国著名女演员，主演《黑暗荣耀》引发全球追剧热潮，是韩流文化的标志性人物之一。');
INSERT INTO `movie_worker` (`worker_id`, `worker_name`, `gender`, `name_en`, `name_zh`, `birth`, `birthplace`, `constellatory`, `profession`, `biography`) VALUES (2000017, '新海诚', '男', 'Makoto Shinkai', NULL, '1973-02-09', '日本,长野', '水瓶座', '导演 / 编剧', '日本著名动画导演，以唯美画面和细腻情感著称，代表作《你的名字》《天气之子》《铃芽之旅》。');
INSERT INTO `movie_worker` (`worker_id`, `worker_name`, `gender`, `name_en`, `name_zh`, `birth`, `birthplace`, `constellatory`, `profession`, `biography`) VALUES (2000018, '是枝裕和', '男', 'Hirokazu Kore-eda', NULL, '1962-06-06', '日本,东京', '双子座', '导演 / 编剧', '日本著名导演，以家庭题材见长，代表作《小偷家族》荣获戛纳金棕榈奖，《无人知晓》《步履不停》等均为佳作。');
INSERT INTO `movie_worker` (`worker_id`, `worker_name`, `gender`, `name_en`, `name_zh`, `birth`, `birthplace`, `constellatory`, `profession`, `biography`) VALUES (2000019, '滨口龙介', '男', 'Ryusuke Hamaguchi', NULL, '1978-12-16', '日本,神奈川', '射手座', '导演 / 编剧', '日本导演，凭《驾驶我的车》荣获奥斯卡最佳国际影片，是当代日本电影最重要的创作者之一。');
INSERT INTO `movie_worker` (`worker_id`, `worker_name`, `gender`, `name_en`, `name_zh`, `birth`, `birthplace`, `constellatory`, `profession`, `biography`) VALUES (2000020, '山田尚子', '女', 'Naoko Yamada', NULL, '1981-11-28', '日本,京都', '射手座', '导演', '京都动画旗下导演，以《声之形》和K-ON!系列动画为代表，擅长细腻的人物情感描写。');
INSERT INTO `movie_worker` (`worker_id`, `worker_name`, `gender`, `name_en`, `name_zh`, `birth`, `birthplace`, `constellatory`, `profession`, `biography`) VALUES (2000021, '克里斯托弗·诺兰', '男', 'Christopher Nolan', NULL, '1970-07-30', '英国,伦敦', '狮子座', '导演 / 编剧 / 制片人', '英美双国籍导演，以《盗梦空间》《星际穿越》《奥本海默》等作品闻名于世，凭《奥本海默》荣获奥斯卡最佳导演。');
INSERT INTO `movie_worker` (`worker_id`, `worker_name`, `gender`, `name_en`, `name_zh`, `birth`, `birthplace`, `constellatory`, `profession`, `biography`) VALUES (2000022, '基里安·墨菲', '男', 'Cillian Murphy', NULL, '1976-05-25', '爱尔兰,科克', '双子座', '演员', '爱尔兰演员，凭《奥本海默》荣获奥斯卡最佳男主角，剧集《浴血黑帮》中的汤米·谢尔比使其举世闻名。');
INSERT INTO `movie_worker` (`worker_id`, `worker_name`, `gender`, `name_en`, `name_zh`, `birth`, `birthplace`, `constellatory`, `profession`, `biography`) VALUES (2000023, '瑞恩·高斯林', '男', 'Ryan Gosling', NULL, '1980-11-12', '加拿大,安大略', '天蝎座', '演员', '加拿大演员，凭《爱乐之城》提名奥斯卡，在《芭比》中饰演肯大受好评，是好莱坞最具魅力的演员之一。');
INSERT INTO `movie_worker` (`worker_id`, `worker_name`, `gender`, `name_en`, `name_zh`, `birth`, `birthplace`, `constellatory`, `profession`, `biography`) VALUES (2000024, '艾玛·斯通', '女', 'Emma Stone', NULL, '1988-11-06', '美国,亚利桑那', '天蝎座', '演员', '美国演员，两度荣获奥斯卡最佳女主角（《爱乐之城》和《可怜的东西》），是好莱坞当代最重要的女演员之一。');
INSERT INTO `movie_worker` (`worker_id`, `worker_name`, `gender`, `name_en`, `name_zh`, `birth`, `birthplace`, `constellatory`, `profession`, `biography`) VALUES (2000025, '马赫沙拉·阿里', '男', 'Mahershala Ali', NULL, '1974-02-16', '美国,加利福尼亚', '水瓶座', '演员', '美国演员，两度荣获奥斯卡最佳男配角（《月光男孩》和《绿皮书》），是好莱坞最受尊敬的演员之一。');
INSERT INTO `movie_worker` (`worker_id`, `worker_name`, `gender`, `name_en`, `name_zh`, `birth`, `birthplace`, `constellatory`, `profession`, `biography`) VALUES (2000026, '玛格特·罗比', '女', 'Margot Robbie', NULL, '1990-07-02', '澳大利亚,昆士兰', '巨蟹座', '演员 / 制片人', '澳大利亚演员，主演《芭比》《我，花样女王》，是好莱坞炙手可热的新生代女星，也是出色的制片人。');
INSERT INTO `movie_worker` (`worker_id`, `worker_name`, `gender`, `name_en`, `name_zh`, `birth`, `birthplace`, `constellatory`, `profession`, `biography`) VALUES (2000027, '格蕾塔·葛韦格', '女', 'Greta Gerwig', NULL, '1983-08-04', '美国,加利福尼亚', '狮子座', '导演 / 编剧 / 演员', '美国导演，执导《伯德小姐》《小妇人》《芭比》，是好莱坞最具影响力的女性导演之一。');
INSERT INTO `movie_worker` (`worker_id`, `worker_name`, `gender`, `name_en`, `name_zh`, `birth`, `birthplace`, `constellatory`, `profession`, `biography`) VALUES (2000028, '达米安·沙泽勒', '男', 'Damien Chazelle', NULL, '1985-01-19', '美国,新泽西', '摩羯座', '导演 / 编剧', '美国导演，凭《爱乐之城》成为奥斯卡史上最年轻的最佳导演得主，代表作还有《爆裂鼓手》《巴比伦》。');
INSERT INTO `movie_worker` (`worker_id`, `worker_name`, `gender`, `name_en`, `name_zh`, `birth`, `birthplace`, `constellatory`, `profession`, `biography`) VALUES (2000029, '阿米尔·汗', '男', 'Aamir Khan', NULL, '1965-03-14', '印度,孟买', '双鱼座', '演员 / 导演 / 制片人', '印度宝莱坞最具影响力的演员之一，以严肃的选片态度著称，代表作《摔跤吧！爸爸》《三傻大闹宝莱坞》。');
INSERT INTO `movie_worker` (`worker_id`, `worker_name`, `gender`, `name_en`, `name_zh`, `birth`, `birthplace`, `constellatory`, `profession`, `biography`) VALUES (2000030, '奥里奥尔·保罗', '男', 'Oriol Paulo', NULL, '1975-07-04', '西班牙,巴塞罗那', '巨蟹座', '导演 / 编剧', '西班牙导演，以悬疑惊悚片《看不见的客人》和《无名女尸》闻名，是欧洲最擅长反转剧情的导演之一。');
INSERT INTO `movie_worker` (`worker_id`, `worker_name`, `gender`, `name_en`, `name_zh`, `birth`, `birthplace`, `constellatory`, `profession`, `biography`) VALUES (2000031, '徐峥', '男', 'Zheng Xu', '徐峥', '1972-04-18', '中国,上海', '白羊座', '演员 / 导演 / 编剧', '中国著名演员兼导演，主演《我不是药神》获金鸡、百花等奖项，执导《泰囧》打破国产片票房纪录。');
INSERT INTO `movie_worker` (`worker_id`, `worker_name`, `gender`, `name_en`, `name_zh`, `birth`, `birthplace`, `constellatory`, `profession`, `biography`) VALUES (2000032, '王传君', '男', 'Chuanjun Wang', '王传君', '1987-05-28', '中国,上海', '双子座', '演员', '中国演员，凭《我不是药神》中的程勇老搭档吕受益一角深入人心，是中国最有潜力的实力派演员之一。');
INSERT INTO `movie_worker` (`worker_id`, `worker_name`, `gender`, `name_en`, `name_zh`, `birth`, `birthplace`, `constellatory`, `profession`, `biography`) VALUES (2000033, '章宇', '男', 'Zhang Yu', '章宇', '1986-12-14', '中国,贵州', '射手座', '演员', '中国实力派演员，凭《我不是药神》和《无名》展现精湛演技，近年来备受业界和观众认可。');
INSERT INTO `movie_worker` (`worker_id`, `worker_name`, `gender`, `name_en`, `name_zh`, `birth`, `birthplace`, `constellatory`, `profession`, `biography`) VALUES (2000034, '谭卓', '女', 'Zhuo Tan', '谭卓', '1984-09-02', '中国,黑龙江', '处女座', '演员', '中国演员，以独特的气质和扎实的演技见长，代表作《我不是药神》《烈日灼心》，是中国优秀的女演员之一。');
INSERT INTO `movie_worker` (`worker_id`, `worker_name`, `gender`, `name_en`, `name_zh`, `birth`, `birthplace`, `constellatory`, `profession`, `biography`) VALUES (2000035, '朱一龙', '男', 'Yilong Zhu', '朱一龙', '1988-04-07', '中国,武汉', '白羊座', '演员', '中国演员，凭《消失的她》《人生大事》进入主流院线并赢得口碑，展现了多元的演技。');
INSERT INTO `movie_worker` (`worker_id`, `worker_name`, `gender`, `name_en`, `name_zh`, `birth`, `birthplace`, `constellatory`, `profession`, `biography`) VALUES (2000036, '倪妮', '女', 'Ni Ni', '倪妮', '1988-10-08', '中国,南京', '天秤座', '演员', '中国著名女演员，以清冷气质著称，代表作《金陵十三钗》《消失的她》《宸汐缘》，屡获重要奖项提名。');
INSERT INTO `movie_worker` (`worker_id`, `worker_name`, `gender`, `name_en`, `name_zh`, `birth`, `birthplace`, `constellatory`, `profession`, `biography`) VALUES (2000037, '宋佳', '女', 'Jia Song', '宋佳', '1982-01-08', '中国,黑龙江', '摩羯座', '演员', '中国著名女演员，塑造过众多个性鲜明的女性角色，代表作《好东西》《找到你》，多次获得金马奖提名。');
INSERT INTO `movie_worker` (`worker_id`, `worker_name`, `gender`, `name_en`, `name_zh`, `birth`, `birthplace`, `constellatory`, `profession`, `biography`) VALUES (2000038, '张子枫', '女', 'Zifeng Zhang', '张子枫', '2001-09-10', '中国,安徽', '处女座', '演员', '中国新生代演员，童星出道，凭《我的姐姐》和《第一次的离别》多次斩获各大奖项最佳女主角。');
INSERT INTO `movie_worker` (`worker_id`, `worker_name`, `gender`, `name_en`, `name_zh`, `birth`, `birthplace`, `constellatory`, `profession`, `biography`) VALUES (2000039, '肖央', '男', 'Yang Xiao', '肖央', '1980-09-10', '中国,河南', '处女座', '演员 / 导演 / 歌手', '中国全能艺人，以《筷子兄弟》组合出道，后转型为实力演员，代表作《误杀》《我的姐姐》《天才捕手》。');
INSERT INTO `movie_worker` (`worker_id`, `worker_name`, `gender`, `name_en`, `name_zh`, `birth`, `birthplace`, `constellatory`, `profession`, `biography`) VALUES (2000040, '阮经天', '男', 'Mark Chao', '阮经天', '1984-09-07', '中国,台湾', '处女座', '演员', '台湾著名男演员，凭《周处除三害》中的陈桂林一角获得广泛赞誉，是华语影坛最具突破精神的演员之一。');
INSERT INTO `movie_worker` (`worker_id`, `worker_name`, `gender`, `name_en`, `name_zh`, `birth`, `birthplace`, `constellatory`, `profession`, `biography`) VALUES (2000041, '邵艺辉', '女', NULL, '邵艺辉', '1990-06-15', '中国,山西', '双子座', '导演 / 编剧', '中国新生代女性导演，代表作《爱情神话》和《好东西》，擅长刻画都市女性生活，口碑极佳。');
INSERT INTO `movie_worker` (`worker_id`, `worker_name`, `gender`, `name_en`, `name_zh`, `birth`, `birthplace`, `constellatory`, `profession`, `biography`) VALUES (2000042, '孔大山', '男', NULL, '孔大山', '1989-08-21', '中国,山东', '狮子座', '导演 / 编剧', '中国独立电影导演，凭《宇宙探索编辑部》获得极高口碑，是中国新生代最具想象力的导演之一。');
INSERT INTO `movie_worker` (`worker_id`, `worker_name`, `gender`, `name_en`, `name_zh`, `birth`, `birthplace`, `constellatory`, `profession`, `biography`) VALUES (2000043, '申奥', '男', NULL, '申奥', '1988-03-30', '中国,北京', '白羊座', '导演 / 编剧', '中国导演，凭短片《法制未来时》崭露头角，长片处女作《引爆者》获好评，代表作《兔子暴力》展现独特风格。');
INSERT INTO `movie_worker` (`worker_id`, `worker_name`, `gender`, `name_en`, `name_zh`, `birth`, `birthplace`, `constellatory`, `profession`, `biography`) VALUES (2000044, '柯汶利', '男', NULL, '柯汶利', '1990-05-12', '马来西亚,吉隆坡', '金牛座', '导演', '马来西亚导演，执导《误杀》和《默杀》，以精准的类型片操控力和高度紧张的叙事节奏见长，是华语商业片的新锐力量。');
INSERT INTO `movie_worker` (`worker_id`, `worker_name`, `gender`, `name_en`, `name_zh`, `birth`, `birthplace`, `constellatory`, `profession`, `biography`) VALUES (2000045, '黄精甫', '男', 'Wan-Cheung Wong', NULL, '1973-11-09', '中国,香港', '天蝎座', '导演 / 编剧', '香港导演，以暴力美学著称，代表作《复仇者之死》，执导台湾制作《周处除三害》赢得极高口碑。');
INSERT INTO `movie_worker` (`worker_id`, `worker_name`, `gender`, `name_en`, `name_zh`, `birth`, `birthplace`, `constellatory`, `profession`, `biography`) VALUES (2000046, '丹尼尔·克雷格', '男', 'Daniel Craig', NULL, '1968-03-02', '英国,柴郡', '双鱼座', '演员', '英国演员，出演第五任007特工詹姆斯·邦德，主演《利刃出鞘》以喜剧和推理风格受到广泛好评。');
INSERT INTO `movie_worker` (`worker_id`, `worker_name`, `gender`, `name_en`, `name_zh`, `birth`, `birthplace`, `constellatory`, `profession`, `biography`) VALUES (2000047, '莱恩·约翰逊', '男', 'Rian Johnson', NULL, '1973-12-17', '美国,加利福尼亚', '射手座', '导演 / 编剧', '美国导演，凭《利刃出鞘》及续集打造了成功的推理喜剧品牌，也因执导《星球大战：最后的绝地武士》引发广泛讨论。');
INSERT INTO `movie_worker` (`worker_id`, `worker_name`, `gender`, `name_en`, `name_zh`, `birth`, `birthplace`, `constellatory`, `profession`, `biography`) VALUES (2000048, '汤姆·霍兰德', '男', 'Tom Holland', NULL, '1996-06-01', '英国,金斯顿', '双子座', '演员', '英国演员，是迄今最年轻的官方蜘蛛侠扮演者，凭出色的运动能力和真诚的表演赢得全球粉丝喜爱。');
INSERT INTO `movie_worker` (`worker_id`, `worker_name`, `gender`, `name_en`, `name_zh`, `birth`, `birthplace`, `constellatory`, `profession`, `biography`) VALUES (2000049, '杨紫琼', '女', 'Michelle Yeoh', NULL, '1962-08-06', '马来西亚,怡保', '狮子座', '演员', '马来西亚女演员，凭《瞬息全宇宙》荣获奥斯卡历史首位亚裔最佳女主角，是华人电影的重要国际代表。');
INSERT INTO `movie_worker` (`worker_id`, `worker_name`, `gender`, `name_en`, `name_zh`, `birth`, `birthplace`, `constellatory`, `profession`, `biography`) VALUES (2000050, '关继威', '男', 'Ke Huy Quan', NULL, '1971-08-20', '越南,西贡', '狮子座', '演员', '越南裔美籍演员，童年主演《印第安纳琼斯》，沉寂数十年后凭《瞬息全宇宙》荣获奥斯卡最佳男配角，成为影坛佳话。');
COMMIT;

SET FOREIGN_KEY_CHECKS = 1;
